1,Adjustable Race,AR-5381,NULL,0.00,0.00,NULL,NULL,NULL,NULL
2,Bearing Ball,BA-8327,NULL,0.00,0.00,NULL,NULL,NULL,NULL
3,BB Ball Bearing,BE-2349,NULL,0.00,0.00,NULL,NULL,NULL,NULL
4,Headset Ball Bearings,BE-2908,NULL,0.00,0.00,NULL,NULL,NULL,NULL
316,Blade,BL-2036,NULL,0.00,0.00,NULL,NULL,NULL,NULL
317,LL Crankarm,CA-5965,Black,0.00,0.00,NULL,NULL,NULL,NULL
318,ML Crankarm,CA-6738,Black,0.00,0.00,NULL,NULL,NULL,NULL
319,HL Crankarm,CA-7457,Black,0.00,0.00,NULL,NULL,NULL,NULL
320,Chainring Bolts,CB-2903,Silver,0.00,0.00,NULL,NULL,NULL,NULL
321,Chainring Nut,CN-6137,Silver,0.00,0.00,NULL,NULL,NULL,NULL
322,Chainring,CR-7833,Black,0.00,0.00,NULL,NULL,NULL,NULL
323,Crown Race,CR-9981,NULL,0.00,0.00,NULL,NULL,NULL,NULL
324,Chain Stays,CS-2812,NULL,0.00,0.00,NULL,NULL,NULL,NULL
325,Decal 1,DC-8732,NULL,0.00,0.00,NULL,NULL,NULL,NULL
326,Decal 2,DC-9824,NULL,0.00,0.00,NULL,NULL,NULL,NULL
327,Down Tube,DT-2377,NULL,0.00,0.00,NULL,NULL,NULL,NULL
328,Mountain End Caps,EC-M092,NULL,0.00,0.00,NULL,NULL,NULL,NULL
329,Road End Caps,EC-R098,NULL,0.00,0.00,NULL,NULL,NULL,NULL
330,Touring End Caps,EC-T209,NULL,0.00,0.00,NULL,NULL,NULL,NULL
331,Fork End,FE-3760,NULL,0.00,0.00,NULL,NULL,NULL,NULL
332,Freewheel,FH-2981,Silver,0.00,0.00,NULL,NULL,NULL,NULL
341,Flat Washer 1,FW-1000,NULL,0.00,0.00,NULL,NULL,NULL,NULL
342,Flat Washer 6,FW-1200,NULL,0.00,0.00,NULL,NULL,NULL,NULL
343,Flat Washer 2,FW-1400,NULL,0.00,0.00,NULL,NULL,NULL,NULL
344,Flat Washer 9,FW-3400,NULL,0.00,0.00,NULL,NULL,NULL,NULL
345,Flat Washer 4,FW-3800,NULL,0.00,0.00,NULL,NULL,NULL,NULL
346,Flat Washer 3,FW-5160,NULL,0.00,0.00,NULL,NULL,NULL,NULL
347,Flat Washer 8,FW-5800,NULL,0.00,0.00,NULL,NULL,NULL,NULL
348,Flat Washer 5,FW-7160,NULL,0.00,0.00,NULL,NULL,NULL,NULL
349,Flat Washer 7,FW-9160,NULL,0.00,0.00,NULL,NULL,NULL,NULL
350,Fork Crown,FC-3654,NULL,0.00,0.00,NULL,NULL,NULL,NULL
351,Front Derailleur Cage,FC-3982,Silver,0.00,0.00,NULL,NULL,NULL,NULL
352,Front Derailleur Linkage,FL-2301,Silver,0.00,0.00,NULL,NULL,NULL,NULL
355,Guide Pulley,GP-0982,NULL,0.00,0.00,NULL,NULL,NULL,NULL
356,LL Grip Tape,GT-0820,NULL,0.00,0.00,NULL,NULL,NULL,NULL
357,ML Grip Tape,GT-1209,NULL,0.00,0.00,NULL,NULL,NULL,NULL
358,HL Grip Tape,GT-2908,NULL,0.00,0.00,NULL,NULL,NULL,NULL
359,Thin-Jam Hex Nut 9,HJ-1213,NULL,0.00,0.00,NULL,NULL,NULL,NULL
360,Thin-Jam Hex Nut 10,HJ-1220,NULL,0.00,0.00,NULL,NULL,NULL,NULL
361,Thin-Jam Hex Nut 1,HJ-1420,NULL,0.00,0.00,NULL,NULL,NULL,NULL
362,Thin-Jam Hex Nut 2,HJ-1428,NULL,0.00,0.00,NULL,NULL,NULL,NULL
363,Thin-Jam Hex Nut 15,HJ-3410,NULL,0.00,0.00,NULL,NULL,NULL,NULL
364,Thin-Jam Hex Nut 16,HJ-3416,NULL,0.00,0.00,NULL,NULL,NULL,NULL
365,Thin-Jam Hex Nut 5,HJ-3816,NULL,0.00,0.00,NULL,NULL,NULL,NULL
366,Thin-Jam Hex Nut 6,HJ-3824,NULL,0.00,0.00,NULL,NULL,NULL,NULL
367,Thin-Jam Hex Nut 3,HJ-5161,NULL,0.00,0.00,NULL,NULL,NULL,NULL
368,Thin-Jam Hex Nut 4,HJ-5162,NULL,0.00,0.00,NULL,NULL,NULL,NULL
369,Thin-Jam Hex Nut 13,HJ-5811,NULL,0.00,0.00,NULL,NULL,NULL,NULL
370,Thin-Jam Hex Nut 14,HJ-5818,NULL,0.00,0.00,NULL,NULL,NULL,NULL
371,Thin-Jam Hex Nut 7,HJ-7161,NULL,0.00,0.00,NULL,NULL,NULL,NULL
372,Thin-Jam Hex Nut 8,HJ-7162,NULL,0.00,0.00,NULL,NULL,NULL,NULL
373,Thin-Jam Hex Nut 12,HJ-9080,NULL,0.00,0.00,NULL,NULL,NULL,NULL
374,Thin-Jam Hex Nut 11,HJ-9161,NULL,0.00,0.00,NULL,NULL,NULL,NULL
375,Hex Nut 5,HN-1024,NULL,0.00,0.00,NULL,NULL,NULL,NULL
376,Hex Nut 6,HN-1032,NULL,0.00,0.00,NULL,NULL,NULL,NULL
377,Hex Nut 16,HN-1213,NULL,0.00,0.00,NULL,NULL,NULL,NULL
378,Hex Nut 17,HN-1220,NULL,0.00,0.00,NULL,NULL,NULL,NULL
379,Hex Nut 7,HN-1224,NULL,0.00,0.00,NULL,NULL,NULL,NULL
380,Hex Nut 8,HN-1420,NULL,0.00,0.00,NULL,NULL,NULL,NULL
381,Hex Nut 9,HN-1428,NULL,0.00,0.00,NULL,NULL,NULL,NULL
382,Hex Nut 22,HN-3410,NULL,0.00,0.00,NULL,NULL,NULL,NULL
383,Hex Nut 23,HN-3416,NULL,0.00,0.00,NULL,NULL,NULL,NULL
384,Hex Nut 12,HN-3816,NULL,0.00,0.00,NULL,NULL,NULL,NULL
385,Hex Nut 13,HN-3824,NULL,0.00,0.00,NULL,NULL,NULL,NULL
386,Hex Nut 1,HN-4402,NULL,0.00,0.00,NULL,NULL,NULL,NULL
387,Hex Nut 10,HN-5161,NULL,0.00,0.00,NULL,NULL,NULL,NULL
388,Hex Nut 11,HN-5162,NULL,0.00,0.00,NULL,NULL,NULL,NULL
389,Hex Nut 2,HN-5400,NULL,0.00,0.00,NULL,NULL,NULL,NULL
390,Hex Nut 20,HN-5811,NULL,0.00,0.00,NULL,NULL,NULL,NULL
391,Hex Nut 21,HN-5818,NULL,0.00,0.00,NULL,NULL,NULL,NULL
392,Hex Nut 3,HN-6320,NULL,0.00,0.00,NULL,NULL,NULL,NULL
393,Hex Nut 14,HN-7161,NULL,0.00,0.00,NULL,NULL,NULL,NULL
394,Hex Nut 15,HN-7162,NULL,0.00,0.00,NULL,NULL,NULL,NULL
395,Hex Nut 4,HN-8320,NULL,0.00,0.00,NULL,NULL,NULL,NULL
396,Hex Nut 18,HN-9161,NULL,0.00,0.00,NULL,NULL,NULL,NULL
397,Hex Nut 19,HN-9168,NULL,0.00,0.00,NULL,NULL,NULL,NULL
398,Handlebar Tube,HT-2981,NULL,0.00,0.00,NULL,NULL,NULL,NULL
399,Head Tube,HT-8019,NULL,0.00,0.00,NULL,NULL,NULL,NULL
400,LL Hub,HU-6280,NULL,0.00,0.00,NULL,NULL,NULL,NULL
401,HL Hub,HU-8998,NULL,0.00,0.00,NULL,NULL,NULL,NULL
402,Keyed Washer,KW-4091,NULL,0.00,0.00,NULL,NULL,NULL,NULL
403,External Lock Washer 3,LE-1000,NULL,0.00,0.00,NULL,NULL,NULL,NULL
404,External Lock Washer 4,LE-1200,NULL,0.00,0.00,NULL,NULL,NULL,NULL
405,External Lock Washer 9,LE-1201,NULL,0.00,0.00,NULL,NULL,NULL,NULL
406,External Lock Washer 5,LE-1400,NULL,0.00,0.00,NULL,NULL,NULL,NULL
407,External Lock Washer 7,LE-3800,NULL,0.00,0.00,NULL,NULL,NULL,NULL
408,External Lock Washer 6,LE-5160,NULL,0.00,0.00,NULL,NULL,NULL,NULL
409,External Lock Washer 1,LE-6000,NULL,0.00,0.00,NULL,NULL,NULL,NULL
410,External Lock Washer 8,LE-7160,NULL,0.00,0.00,NULL,NULL,NULL,NULL
411,External Lock Washer 2,LE-8000,NULL,0.00,0.00,NULL,NULL,NULL,NULL
412,Internal Lock Washer 3,LI-1000,NULL,0.00,0.00,NULL,NULL,NULL,NULL
413,Internal Lock Washer 4,LI-1200,NULL,0.00,0.00,NULL,NULL,NULL,NULL
414,Internal Lock Washer 9,LI-1201,NULL,0.00,0.00,NULL,NULL,NULL,NULL
415,Internal Lock Washer 5,LI-1400,NULL,0.00,0.00,NULL,NULL,NULL,NULL
416,Internal Lock Washer 7,LI-3800,NULL,0.00,0.00,NULL,NULL,NULL,NULL
417,Internal Lock Washer 6,LI-5160,NULL,0.00,0.00,NULL,NULL,NULL,NULL
418,Internal Lock Washer 10,LI-5800,NULL,0.00,0.00,NULL,NULL,NULL,NULL
419,Internal Lock Washer 1,LI-6000,NULL,0.00,0.00,NULL,NULL,NULL,NULL
420,Internal Lock Washer 8,LI-7160,NULL,0.00,0.00,NULL,NULL,NULL,NULL
421,Internal Lock Washer 2,LI-8000,NULL,0.00,0.00,NULL,NULL,NULL,NULL
422,Thin-Jam Lock Nut 9,LJ-1213,NULL,0.00,0.00,NULL,NULL,NULL,NULL
423,Thin-Jam Lock Nut 10,LJ-1220,NULL,0.00,0.00,NULL,NULL,NULL,NULL
424,Thin-Jam Lock Nut 1,LJ-1420,NULL,0.00,0.00,NULL,NULL,NULL,NULL
425,Thin-Jam Lock Nut 2,LJ-1428,NULL,0.00,0.00,NULL,NULL,NULL,NULL
426,Thin-Jam Lock Nut 15,LJ-3410,NULL,0.00,0.00,NULL,NULL,NULL,NULL
427,Thin-Jam Lock Nut 16,LJ-3416,NULL,0.00,0.00,NULL,NULL,NULL,NULL
428,Thin-Jam Lock Nut 5,LJ-3816,NULL,0.00,0.00,NULL,NULL,NULL,NULL
429,Thin-Jam Lock Nut 6,LJ-3824,NULL,0.00,0.00,NULL,NULL,NULL,NULL
430,Thin-Jam Lock Nut 3,LJ-5161,NULL,0.00,0.00,NULL,NULL,NULL,NULL
431,Thin-Jam Lock Nut 4,LJ-5162,NULL,0.00,0.00,NULL,NULL,NULL,NULL
432,Thin-Jam Lock Nut 13,LJ-5811,NULL,0.00,0.00,NULL,NULL,NULL,NULL
433,Thin-Jam Lock Nut 14,LJ-5818,NULL,0.00,0.00,NULL,NULL,NULL,NULL
434,Thin-Jam Lock Nut 7,LJ-7161,NULL,0.00,0.00,NULL,NULL,NULL,NULL
435,Thin-Jam Lock Nut 8,LJ-7162,NULL,0.00,0.00,NULL,NULL,NULL,NULL
436,Thin-Jam Lock Nut 12,LJ-9080,NULL,0.00,0.00,NULL,NULL,NULL,NULL
437,Thin-Jam Lock Nut 11,LJ-9161,NULL,0.00,0.00,NULL,NULL,NULL,NULL
438,Lock Nut 5,LN-1024,NULL,0.00,0.00,NULL,NULL,NULL,NULL
439,Lock Nut 6,LN-1032,NULL,0.00,0.00,NULL,NULL,NULL,NULL
440,Lock Nut 16,LN-1213,NULL,0.00,0.00,NULL,NULL,NULL,NULL
441,Lock Nut 17,LN-1220,NULL,0.00,0.00,NULL,NULL,NULL,NULL
442,Lock Nut 7,LN-1224,NULL,0.00,0.00,NULL,NULL,NULL,NULL
443,Lock Nut 8,LN-1420,NULL,0.00,0.00,NULL,NULL,NULL,NULL
444,Lock Nut 9,LN-1428,NULL,0.00,0.00,NULL,NULL,NULL,NULL
445,Lock Nut 22,LN-3410,NULL,0.00,0.00,NULL,NULL,NULL,NULL
446,Lock Nut 23,LN-3416,NULL,0.00,0.00,NULL,NULL,NULL,NULL
447,Lock Nut 12,LN-3816,NULL,0.00,0.00,NULL,NULL,NULL,NULL
448,Lock Nut 13,LN-3824,NULL,0.00,0.00,NULL,NULL,NULL,NULL
449,Lock Nut 1,LN-4400,NULL,0.00,0.00,NULL,NULL,NULL,NULL
450,Lock Nut 10,LN-5161,NULL,0.00,0.00,NULL,NULL,NULL,NULL
451,Lock Nut 11,LN-5162,NULL,0.00,0.00,NULL,NULL,NULL,NULL
452,Lock Nut 2,LN-5400,NULL,0.00,0.00,NULL,NULL,NULL,NULL
453,Lock Nut 20,LN-5811,NULL,0.00,0.00,NULL,NULL,NULL,NULL
454,Lock Nut 21,LN-5818,NULL,0.00,0.00,NULL,NULL,NULL,NULL
455,Lock Nut 3,LN-6320,NULL,0.00,0.00,NULL,NULL,NULL,NULL
456,Lock Nut 14,LN-7161,NULL,0.00,0.00,NULL,NULL,NULL,NULL
457,Lock Nut 15,LN-7162,NULL,0.00,0.00,NULL,NULL,NULL,NULL
458,Lock Nut 4,LN-8320,NULL,0.00,0.00,NULL,NULL,NULL,NULL
459,Lock Nut 19,LN-9080,NULL,0.00,0.00,NULL,NULL,NULL,NULL
460,Lock Nut 18,LN-9161,NULL,0.00,0.00,NULL,NULL,NULL,NULL
461,Lock Ring,LR-2398,Silver,0.00,0.00,NULL,NULL,NULL,NULL
462,Lower Head Race,LR-8520,NULL,0.00,0.00,NULL,NULL,NULL,NULL
463,Lock Washer 4,LW-1000,NULL,0.00,0.00,NULL,NULL,NULL,NULL
464,Lock Washer 5,LW-1200,NULL,0.00,0.00,NULL,NULL,NULL,NULL
465,Lock Washer 10,LW-1201,NULL,0.00,0.00,NULL,NULL,NULL,NULL
466,Lock Washer 6,LW-1400,NULL,0.00,0.00,NULL,NULL,NULL,NULL
467,Lock Washer 13,LW-3400,NULL,0.00,0.00,NULL,NULL,NULL,NULL
468,Lock Washer 8,LW-3800,NULL,0.00,0.00,NULL,NULL,NULL,NULL
469,Lock Washer 1,LW-4000,NULL,0.00,0.00,NULL,NULL,NULL,NULL
470,Lock Washer 7,LW-5160,NULL,0.00,0.00,NULL,NULL,NULL,NULL
471,Lock Washer 12,LW-5800,NULL,0.00,0.00,NULL,NULL,NULL,NULL
472,Lock Washer 2,LW-6000,NULL,0.00,0.00,NULL,NULL,NULL,NULL
473,Lock Washer 9,LW-7160,NULL,0.00,0.00,NULL,NULL,NULL,NULL
474,Lock Washer 3,LW-8000,NULL,0.00,0.00,NULL,NULL,NULL,NULL
475,Lock Washer 11,LW-9160,NULL,0.00,0.00,NULL,NULL,NULL,NULL
476,Metal Angle,MA-7075,NULL,0.00,0.00,NULL,NULL,NULL,NULL
477,Metal Bar 1,MB-2024,NULL,0.00,0.00,NULL,NULL,NULL,NULL
478,Metal Bar 2,MB-6061,NULL,0.00,0.00,NULL,NULL,NULL,NULL
479,Metal Plate 2,MP-2066,NULL,0.00,0.00,NULL,NULL,NULL,NULL
480,Metal Plate 1,MP-2503,NULL,0.00,0.00,NULL,NULL,NULL,NULL
481,Metal Plate 3,MP-4960,NULL,0.00,0.00,NULL,NULL,NULL,NULL
482,Metal Sheet 2,MS-0253,NULL,0.00,0.00,NULL,NULL,NULL,NULL
483,Metal Sheet 3,MS-1256,NULL,0.00,0.00,NULL,NULL,NULL,NULL
484,Metal Sheet 7,MS-1981,NULL,0.00,0.00,NULL,NULL,NULL,NULL
485,Metal Sheet 4,MS-2259,NULL,0.00,0.00,NULL,NULL,NULL,NULL
486,Metal Sheet 5,MS-2341,NULL,0.00,0.00,NULL,NULL,NULL,NULL
487,Metal Sheet 6,MS-2348,NULL,0.00,0.00,NULL,NULL,NULL,NULL
488,Metal Sheet 1,MS-6061,NULL,0.00,0.00,NULL,NULL,NULL,NULL
489,Metal Tread Plate,MT-1000,NULL,0.00,0.00,NULL,NULL,NULL,NULL
490,LL Nipple,NI-4127,NULL,0.00,0.00,NULL,NULL,NULL,NULL
491,HL Nipple,NI-9522,NULL,0.00,0.00,NULL,NULL,NULL,NULL
492,Paint - Black,PA-187B,NULL,0.00,0.00,NULL,NULL,NULL,NULL
493,Paint - Red,PA-361R,NULL,0.00,0.00,NULL,NULL,NULL,NULL
494,Paint - Silver,PA-529S,NULL,0.00,0.00,NULL,NULL,NULL,NULL
495,Paint - Blue,PA-632U,NULL,0.00,0.00,NULL,NULL,NULL,NULL
496,Paint - Yellow,PA-823Y,NULL,0.00,0.00,NULL,NULL,NULL,NULL
497,Pinch Bolt,PB-6109,NULL,0.00,0.00,NULL,NULL,NULL,NULL
504,Cup-Shaped Race,RA-2345,NULL,0.00,0.00,NULL,NULL,NULL,NULL
505,Cone-Shaped Race,RA-7490,NULL,0.00,0.00,NULL,NULL,NULL,NULL
506,Reflector,RF-9198,NULL,0.00,0.00,NULL,NULL,NULL,NULL
507,LL Mountain Rim,RM-M464,NULL,0.00,0.00,NULL,435.00,NULL,NULL
508,ML Mountain Rim,RM-M692,NULL,0.00,0.00,NULL,450.00,NULL,NULL
509,HL Mountain Rim,RM-M823,NULL,0.00,0.00,NULL,400.00,NULL,NULL
510,LL Road Rim,RM-R436,NULL,0.00,0.00,NULL,445.00,NULL,NULL
511,ML Road Rim,RM-R600,NULL,0.00,0.00,NULL,450.00,NULL,NULL
512,HL Road Rim,RM-R800,NULL,0.00,0.00,NULL,400.00,NULL,NULL
513,Touring Rim,RM-T801,NULL,0.00,0.00,NULL,460.00,NULL,NULL
514,LL Mountain Seat Assembly,SA-M198,NULL,98.77,133.34,NULL,NULL,NULL,NULL
515,ML Mountain Seat Assembly,SA-M237,NULL,108.99,147.14,NULL,NULL,NULL,NULL
516,HL Mountain Seat Assembly,SA-M687,NULL,145.87,196.92,NULL,NULL,NULL,NULL
517,LL Road Seat Assembly,SA-R127,NULL,98.77,133.34,NULL,NULL,NULL,NULL
518,ML Road Seat Assembly,SA-R430,NULL,108.99,147.14,NULL,NULL,NULL,NULL
519,HL Road Seat Assembly,SA-R522,NULL,145.87,196.92,NULL,NULL,NULL,NULL
520,LL Touring Seat Assembly,SA-T467,NULL,98.77,133.34,NULL,NULL,NULL,NULL
521,ML Touring Seat Assembly,SA-T612,NULL,108.99,147.14,NULL,NULL,NULL,NULL
522,HL Touring Seat Assembly,SA-T872,NULL,145.87,196.92,NULL,NULL,NULL,NULL
523,LL Spindle/Axle,SD-2342,NULL,0.00,0.00,NULL,NULL,NULL,NULL
524,HL Spindle/Axle,SD-9872,NULL,0.00,0.00,NULL,NULL,NULL,NULL
525,LL Shell,SH-4562,NULL,0.00,0.00,NULL,NULL,NULL,NULL
526,HL Shell,SH-9312,NULL,0.00,0.00,NULL,NULL,NULL,NULL
527,Spokes,SK-9283,NULL,0.00,0.00,NULL,NULL,NULL,NULL
528,Seat Lug,SL-0931,NULL,0.00,0.00,NULL,NULL,NULL,NULL
529,Stem,SM-9087,NULL,0.00,0.00,NULL,NULL,NULL,NULL
530,Seat Post,SP-2981,NULL,0.00,0.00,NULL,NULL,NULL,NULL
531,Steerer,SR-2098,NULL,0.00,0.00,NULL,NULL,NULL,NULL
532,Seat Stays,SS-2985,NULL,0.00,0.00,NULL,NULL,NULL,NULL
533,Seat Tube,ST-9828,NULL,0.00,0.00,NULL,NULL,NULL,NULL
534,Top Tube,TO-2301,NULL,0.00,0.00,NULL,NULL,NULL,NULL
535,Tension Pulley,TP-0923,NULL,0.00,0.00,NULL,NULL,NULL,NULL
679,Rear Derailleur Cage,RC-0291,Silver,0.00,0.00,NULL,NULL,NULL,NULL
680,"HL Road Frame - Black, 58",FR-R92B-58,Black,1059.31,1431.50,58,2.24,Components,Road Frames
706,"HL Road Frame - Red, 58",FR-R92R-58,Red,1059.31,1431.50,58,2.24,Components,Road Frames
707,"Sport-100 Helmet, Red",HL-U509-R,Red,13.0863,34.99,NULL,NULL,Accessories,Helmets
708,"Sport-100 Helmet, Black",HL-U509,Black,13.0863,34.99,NULL,NULL,Accessories,Helmets
709,"Mountain Bike Socks, M",SO-B909-M,White,3.3963,9.50,M,NULL,Clothing,Socks
710,"Mountain Bike Socks, L",SO-B909-L,White,3.3963,9.50,L,NULL,Clothing,Socks
711,"Sport-100 Helmet, Blue",HL-U509-B,Blue,13.0863,34.99,NULL,NULL,Accessories,Helmets
712,AWC Logo Cap,CA-1098,Multi,6.9223,8.99,NULL,NULL,Clothing,Caps
713,"Long-Sleeve Logo Jersey, S",LJ-0192-S,Multi,38.4923,49.99,S,NULL,Clothing,Jerseys
714,"Long-Sleeve Logo Jersey, M",LJ-0192-M,Multi,38.4923,49.99,M,NULL,Clothing,Jerseys
715,"Long-Sleeve Logo Jersey, L",LJ-0192-L,Multi,38.4923,49.99,L,NULL,Clothing,Jerseys
716,"Long-Sleeve Logo Jersey, XL",LJ-0192-X,Multi,38.4923,49.99,XL,NULL,Clothing,Jerseys
717,"HL Road Frame - Red, 62",FR-R92R-62,Red,868.6342,1431.50,62,2.30,Components,Road Frames
718,"HL Road Frame - Red, 44",FR-R92R-44,Red,868.6342,1431.50,44,2.12,Components,Road Frames
719,"HL Road Frame - Red, 48",FR-R92R-48,Red,868.6342,1431.50,48,2.16,Components,Road Frames
720,"HL Road Frame - Red, 52",FR-R92R-52,Red,868.6342,1431.50,52,2.20,Components,Road Frames
721,"HL Road Frame - Red, 56",FR-R92R-56,Red,868.6342,1431.50,56,2.24,Components,Road Frames
722,"LL Road Frame - Black, 58",FR-R38B-58,Black,204.6251,337.22,58,2.46,Components,Road Frames
723,"LL Road Frame - Black, 60",FR-R38B-60,Black,204.6251,337.22,60,2.48,Components,Road Frames
724,"LL Road Frame - Black, 62",FR-R38B-62,Black,204.6251,337.22,62,2.50,Components,Road Frames
725,"LL Road Frame - Red, 44",FR-R38R-44,Red,187.1571,337.22,44,2.32,Components,Road Frames
726,"LL Road Frame - Red, 48",FR-R38R-48,Red,187.1571,337.22,48,2.36,Components,Road Frames
727,"LL Road Frame - Red, 52",FR-R38R-52,Red,187.1571,337.22,52,2.40,Components,Road Frames
728,"LL Road Frame - Red, 58",FR-R38R-58,Red,187.1571,337.22,58,2.46,Components,Road Frames
729,"LL Road Frame - Red, 60",FR-R38R-60,Red,187.1571,337.22,60,2.48,Components,Road Frames
730,"LL Road Frame - Red, 62",FR-R38R-62,Red,187.1571,337.22,62,2.50,Components,Road Frames
731,"ML Road Frame - Red, 44",FR-R72R-44,Red,352.1394,594.83,44,2.22,Components,Road Frames
732,"ML Road Frame - Red, 48",FR-R72R-48,Red,352.1394,594.83,48,2.26,Components,Road Frames
733,"ML Road Frame - Red, 52",FR-R72R-52,Red,352.1394,594.83,52,2.30,Components,Road Frames
734,"ML Road Frame - Red, 58",FR-R72R-58,Red,352.1394,594.83,58,2.36,Components,Road Frames
735,"ML Road Frame - Red, 60",FR-R72R-60,Red,352.1394,594.83,60,2.38,Components,Road Frames
736,"LL Road Frame - Black, 44",FR-R38B-44,Black,204.6251,337.22,44,2.32,Components,Road Frames
737,"LL Road Frame - Black, 48",FR-R38B-48,Black,204.6251,337.22,48,2.36,Components,Road Frames
738,"LL Road Frame - Black, 52",FR-R38B-52,Black,204.6251,337.22,52,2.40,Components,Road Frames
739,"HL Mountain Frame - Silver, 42",FR-M94S-42,Silver,747.2002,1364.50,42,2.72,Components,Mountain Frames
740,"HL Mountain Frame - Silver, 44",FR-M94S-44,Silver,706.811,1364.50,44,2.76,Components,Mountain Frames
741,"HL Mountain Frame - Silver, 48",FR-M94S-52,Silver,706.811,1364.50,48,2.80,Components,Mountain Frames
742,"HL Mountain Frame - Silver, 46",FR-M94S-46,Silver,747.2002,1364.50,46,2.84,Components,Mountain Frames
743,"HL Mountain Frame - Black, 42",FR-M94B-42,Black,739.041,1349.60,42,2.72,Components,Mountain Frames
744,"HL Mountain Frame - Black, 44",FR-M94B-44,Black,699.0928,1349.60,44,2.76,Components,Mountain Frames
745,"HL Mountain Frame - Black, 48",FR-M94B-48,Black,699.0928,1349.60,48,2.80,Components,Mountain Frames
746,"HL Mountain Frame - Black, 46",FR-M94B-46,Black,739.041,1349.60,46,2.84,Components,Mountain Frames
747,"HL Mountain Frame - Black, 38",FR-M94B-38,Black,739.041,1349.60,38,2.68,Components,Mountain Frames
748,"HL Mountain Frame - Silver, 38",FR-M94S-38,Silver,747.2002,1364.50,38,2.68,Components,Mountain Frames
749,"Road-150 Red, 62",BK-R93R-62,Red,2171.2942,3578.27,62,15.00,Bikes,Road Bikes
750,"Road-150 Red, 44",BK-R93R-44,Red,2171.2942,3578.27,44,13.77,Bikes,Road Bikes
751,"Road-150 Red, 48",BK-R93R-48,Red,2171.2942,3578.27,48,14.13,Bikes,Road Bikes
752,"Road-150 Red, 52",BK-R93R-52,Red,2171.2942,3578.27,52,14.42,Bikes,Road Bikes
753,"Road-150 Red, 56",BK-R93R-56,Red,2171.2942,3578.27,56,14.68,Bikes,Road Bikes
754,"Road-450 Red, 58",BK-R68R-58,Red,884.7083,1457.99,58,17.79,Bikes,Road Bikes
755,"Road-450 Red, 60",BK-R68R-60,Red,884.7083,1457.99,60,17.90,Bikes,Road Bikes
756,"Road-450 Red, 44",BK-R68R-44,Red,884.7083,1457.99,44,16.77,Bikes,Road Bikes
757,"Road-450 Red, 48",BK-R68R-48,Red,884.7083,1457.99,48,17.13,Bikes,Road Bikes
758,"Road-450 Red, 52",BK-R68R-52,Red,884.7083,1457.99,52,17.42,Bikes,Road Bikes
759,"Road-650 Red, 58",BK-R50R-58,Red,486.7066,782.99,58,19.79,Bikes,Road Bikes
760,"Road-650 Red, 60",BK-R50R-60,Red,486.7066,782.99,60,19.90,Bikes,Road Bikes
761,"Road-650 Red, 62",BK-R50R-62,Red,486.7066,782.99,62,20.00,Bikes,Road Bikes
762,"Road-650 Red, 44",BK-R50R-44,Red,486.7066,782.99,44,18.77,Bikes,Road Bikes
763,"Road-650 Red, 48",BK-R50R-48,Red,486.7066,782.99,48,19.13,Bikes,Road Bikes
764,"Road-650 Red, 52",BK-R50R-52,Red,486.7066,782.99,52,19.42,Bikes,Road Bikes
765,"Road-650 Black, 58",BK-R50B-58,Black,486.7066,782.99,58,19.79,Bikes,Road Bikes
766,"Road-650 Black, 60",BK-R50B-60,Black,486.7066,782.99,60,19.90,Bikes,Road Bikes
767,"Road-650 Black, 62",BK-R50B-62,Black,486.7066,782.99,62,20.00,Bikes,Road Bikes
768,"Road-650 Black, 44",BK-R50B-44,Black,486.7066,782.99,44,18.77,Bikes,Road Bikes
769,"Road-650 Black, 48",BK-R50B-48,Black,486.7066,782.99,48,19.13,Bikes,Road Bikes
770,"Road-650 Black, 52",BK-R50B-52,Black,486.7066,782.99,52,19.42,Bikes,Road Bikes
771,"Mountain-100 Silver, 38",BK-M82S-38,Silver,1912.1544,3399.99,38,20.35,Bikes,Mountain Bikes
772,"Mountain-100 Silver, 42",BK-M82S-42,Silver,1912.1544,3399.99,42,20.77,Bikes,Mountain Bikes
773,"Mountain-100 Silver, 44",BK-M82S-44,Silver,1912.1544,3399.99,44,21.13,Bikes,Mountain Bikes
774,"Mountain-100 Silver, 48",BK-M82S-48,Silver,1912.1544,3399.99,48,21.42,Bikes,Mountain Bikes
775,"Mountain-100 Black, 38",BK-M82B-38,Black,1898.0944,3374.99,38,20.35,Bikes,Mountain Bikes
776,"Mountain-100 Black, 42",BK-M82B-42,Black,1898.0944,3374.99,42,20.77,Bikes,Mountain Bikes
777,"Mountain-100 Black, 44",BK-M82B-44,Black,1898.0944,3374.99,44,21.13,Bikes,Mountain Bikes
778,"Mountain-100 Black, 48",BK-M82B-48,Black,1898.0944,3374.99,48,21.42,Bikes,Mountain Bikes
779,"Mountain-200 Silver, 38",BK-M68S-38,Silver,1265.6195,2319.99,38,23.35,Bikes,Mountain Bikes
780,"Mountain-200 Silver, 42",BK-M68S-42,Silver,1265.6195,2319.99,42,23.77,Bikes,Mountain Bikes
781,"Mountain-200 Silver, 46",BK-M68S-46,Silver,1265.6195,2319.99,46,24.13,Bikes,Mountain Bikes
782,"Mountain-200 Black, 38",BK-M68B-38,Black,1251.9813,2294.99,38,23.35,Bikes,Mountain Bikes
783,"Mountain-200 Black, 42",BK-M68B-42,Black,1251.9813,2294.99,42,23.77,Bikes,Mountain Bikes
784,"Mountain-200 Black, 46",BK-M68B-46,Black,1251.9813,2294.99,46,24.13,Bikes,Mountain Bikes
785,"Mountain-300 Black, 38",BK-M47B-38,Black,598.4354,1079.99,38,25.35,Bikes,Mountain Bikes
786,"Mountain-300 Black, 40",BK-M47B-40,Black,598.4354,1079.99,40,25.77,Bikes,Mountain Bikes
787,"Mountain-300 Black, 44",BK-M47B-44,Black,598.4354,1079.99,44,26.13,Bikes,Mountain Bikes
788,"Mountain-300 Black, 48",BK-M47B-48,Black,598.4354,1079.99,48,26.42,Bikes,Mountain Bikes
789,"Road-250 Red, 44",BK-R89R-44,Red,1518.7864,2443.35,44,14.77,Bikes,Road Bikes
790,"Road-250 Red, 48",BK-R89R-48,Red,1518.7864,2443.35,48,15.13,Bikes,Road Bikes
791,"Road-250 Red, 52",BK-R89R-52,Red,1518.7864,2443.35,52,15.42,Bikes,Road Bikes
792,"Road-250 Red, 58",BK-R89R-58,Red,1554.9479,2443.35,58,15.79,Bikes,Road Bikes
793,"Road-250 Black, 44",BK-R89B-44,Black,1554.9479,2443.35,44,14.77,Bikes,Road Bikes
794,"Road-250 Black, 48",BK-R89B-48,Black,1554.9479,2443.35,48,15.13,Bikes,Road Bikes
795,"Road-250 Black, 52",BK-R89B-52,Black,1554.9479,2443.35,52,15.42,Bikes,Road Bikes
796,"Road-250 Black, 58",BK-R89B-58,Black,1554.9479,2443.35,58,15.68,Bikes,Road Bikes
797,"Road-550-W Yellow, 38",BK-R64Y-38,Yellow,713.0798,1120.49,38,17.35,Bikes,Road Bikes
798,"Road-550-W Yellow, 40",BK-R64Y-40,Yellow,713.0798,1120.49,40,17.77,Bikes,Road Bikes
799,"Road-550-W Yellow, 42",BK-R64Y-42,Yellow,713.0798,1120.49,42,18.13,Bikes,Road Bikes
800,"Road-550-W Yellow, 44",BK-R64Y-44,Yellow,713.0798,1120.49,44,18.42,Bikes,Road Bikes
801,"Road-550-W Yellow, 48",BK-R64Y-48,Yellow,713.0798,1120.49,48,18.68,Bikes,Road Bikes
802,LL Fork,FK-1639,NULL,65.8097,148.22,NULL,NULL,Components,Forks
803,ML Fork,FK-5136,NULL,77.9176,175.49,NULL,NULL,Components,Forks
804,HL Fork,FK-9939,NULL,101.8936,229.49,NULL,NULL,Components,Forks
805,LL Headset,HS-0296,NULL,15.1848,34.20,NULL,NULL,Components,Headsets
806,ML Headset,HS-2451,NULL,45.4168,102.29,NULL,NULL,Components,Headsets
807,HL Headset,HS-3479,NULL,55.3801,124.73,NULL,NULL,Components,Headsets
808,LL Mountain Handlebars,HB-M243,NULL,19.7758,44.54,NULL,NULL,Components,Handlebars
809,ML Mountain Handlebars,HB-M763,NULL,27.4925,61.92,NULL,NULL,Components,Handlebars
810,HL Mountain Handlebars,HB-M918,NULL,53.3999,120.27,NULL,NULL,Components,Handlebars
811,LL Road Handlebars,HB-R504,NULL,19.7758,44.54,NULL,NULL,Components,Handlebars
812,ML Road Handlebars,HB-R720,NULL,27.4925,61.92,NULL,NULL,Components,Handlebars
813,HL Road Handlebars,HB-R956,NULL,53.3999,120.27,NULL,NULL,Components,Handlebars
814,"ML Mountain Frame - Black, 38",FR-M63B-38,Black,185.8193,348.76,38,2.73,Components,Mountain Frames
815,LL Mountain Front Wheel,FW-M423,Black,26.9708,60.745,NULL,NULL,Components,Wheels
816,ML Mountain Front Wheel,FW-M762,Black,92.8071,209.025,NULL,NULL,Components,Wheels
817,HL Mountain Front Wheel,FW-M928,Black,133.2955,300.215,NULL,NULL,Components,Wheels
818,LL Road Front Wheel,FW-R623,Black,37.9909,85.565,NULL,900.00,Components,Wheels
819,ML Road Front Wheel,FW-R762,Black,110.2829,248.385,NULL,850.00,Components,Wheels
820,HL Road Front Wheel,FW-R820,Black,146.5466,330.06,NULL,650.00,Components,Wheels
821,Touring Front Wheel,FW-T905,Black,96.7964,218.01,NULL,NULL,Components,Wheels
822,"ML Road Frame-W - Yellow, 38",FR-R72Y-38,Yellow,360.9428,594.83,38,2.18,Components,Road Frames
823,LL Mountain Rear Wheel,RW-M423,Black,38.9588,87.745,NULL,NULL,Components,Wheels
824,ML Mountain Rear Wheel,RW-M762,Black,104.7951,236.025,NULL,NULL,Components,Wheels
825,HL Mountain Rear Wheel,RW-M928,Black,145.2835,327.215,NULL,NULL,Components,Wheels
826,LL Road Rear Wheel,RW-R623,Black,49.9789,112.565,NULL,1050.00,Components,Wheels
827,ML Road Rear Wheel,RW-R762,Black,122.2709,275.385,NULL,1000.00,Components,Wheels
828,HL Road Rear Wheel,RW-R820,Black,158.5346,357.06,NULL,890.00,Components,Wheels
829,Touring Rear Wheel,RW-T905,Black,108.7844,245.01,NULL,NULL,Components,Wheels
830,"ML Mountain Frame - Black, 40",FR-M63B-40,Black,185.8193,348.76,40,2.77,Components,Mountain Frames
831,"ML Mountain Frame - Black, 44",FR-M63B-44,Black,185.8193,348.76,44,2.81,Components,Mountain Frames
832,"ML Mountain Frame - Black, 48",FR-M63B-48,Black,185.8193,348.76,48,2.85,Components,Mountain Frames
833,"ML Road Frame-W - Yellow, 40",FR-R72Y-40,Yellow,360.9428,594.83,40,2.22,Components,Road Frames
834,"ML Road Frame-W - Yellow, 42",FR-R72Y-42,Yellow,360.9428,594.83,42,2.26,Components,Road Frames
835,"ML Road Frame-W - Yellow, 44",FR-R72Y-44,Yellow,360.9428,594.83,44,2.30,Components,Road Frames
836,"ML Road Frame-W - Yellow, 48",FR-R72Y-48,Yellow,360.9428,594.83,48,2.34,Components,Road Frames
837,"HL Road Frame - Black, 62",FR-R92B-62,Black,868.6342,1431.50,62,2.30,Components,Road Frames
838,"HL Road Frame - Black, 44",FR-R92B-44,Black,868.6342,1431.50,44,2.12,Components,Road Frames
839,"HL Road Frame - Black, 48",FR-R92B-48,Black,868.6342,1431.50,48,2.16,Components,Road Frames
840,"HL Road Frame - Black, 52",FR-R92B-52,Black,868.6342,1431.50,52,2.20,Components,Road Frames
841,"Men's Sports Shorts, S",SH-M897-S,Black,24.7459,59.99,S,NULL,Clothing,Shorts
842,"Touring-Panniers, Large",PA-T100,Grey,51.5625,125.00,NULL,NULL,Accessories,Panniers
843,Cable Lock,LO-C100,NULL,10.3125,25.00,NULL,NULL,Accessories,Locks
844,Minipump,PU-0452,NULL,8.2459,19.99,NULL,NULL,Accessories,Pumps
845,Mountain Pump,PU-M044,NULL,10.3084,24.99,NULL,NULL,Accessories,Pumps
846,Taillights - Battery-Powered,LT-T990,NULL,5.7709,13.99,NULL,NULL,Accessories,Lights
847,Headlights - Dual-Beam,LT-H902,NULL,14.4334,34.99,NULL,NULL,Accessories,Lights
848,Headlights - Weatherproof,LT-H903,NULL,18.5584,44.99,NULL,NULL,Accessories,Lights
849,"Men's Sports Shorts, M",SH-M897-M,Black,24.7459,59.99,M,NULL,Clothing,Shorts
850,"Men's Sports Shorts, L",SH-M897-L,Black,24.7459,59.99,L,NULL,Clothing,Shorts
851,"Men's Sports Shorts, XL",SH-M897-X,Black,24.7459,59.99,XL,NULL,Clothing,Shorts
852,"Women's Tights, S",TG-W091-S,Black,30.9334,74.99,S,NULL,Clothing,Tights
853,"Women's Tights, M",TG-W091-M,Black,30.9334,74.99,M,NULL,Clothing,Tights
854,"Women's Tights, L",TG-W091-L,Black,30.9334,74.99,L,NULL,Clothing,Tights
855,"Men's Bib-Shorts, S",SB-M891-S,Multi,37.1209,89.99,S,NULL,Clothing,Bib-Shorts
856,"Men's Bib-Shorts, M",SB-M891-M,Multi,37.1209,89.99,M,NULL,Clothing,Bib-Shorts
857,"Men's Bib-Shorts, L",SB-M891-L,Multi,37.1209,89.99,L,NULL,Clothing,Bib-Shorts
858,"Half-Finger Gloves, S",GL-H102-S,Black,9.1593,24.49,S,NULL,Clothing,Gloves
859,"Half-Finger Gloves, M",GL-H102-M,Black,9.1593,24.49,M,NULL,Clothing,Gloves
860,"Half-Finger Gloves, L",GL-H102-L,Black,9.1593,24.49,L,NULL,Clothing,Gloves
861,"Full-Finger Gloves, S",GL-F110-S,Black,15.6709,37.99,S,NULL,Clothing,Gloves
862,"Full-Finger Gloves, M",GL-F110-M,Black,15.6709,37.99,M,NULL,Clothing,Gloves
863,"Full-Finger Gloves, L",GL-F110-L,Black,15.6709,37.99,L,NULL,Clothing,Gloves
864,"Classic Vest, S",VE-C304-S,Blue,23.749,63.50,S,NULL,Clothing,Vests
865,"Classic Vest, M",VE-C304-M,Blue,23.749,63.50,M,NULL,Clothing,Vests
866,"Classic Vest, L",VE-C304-L,Blue,23.749,63.50,L,NULL,Clothing,Vests
867,"Women's Mountain Shorts, S",SH-W890-S,Black,26.1763,69.99,S,NULL,Clothing,Shorts
868,"Women's Mountain Shorts, M",SH-W890-M,Black,26.1763,69.99,M,NULL,Clothing,Shorts
869,"Women's Mountain Shorts, L",SH-W890-L,Black,26.1763,69.99,L,NULL,Clothing,Shorts
870,Water Bottle - 30 oz.,WB-H098,NULL,1.8663,4.99,NULL,NULL,Accessories,Bottles and Cages
871,Mountain Bottle Cage,BC-M005,NULL,3.7363,9.99,NULL,NULL,Accessories,Bottles and Cages
872,Road Bottle Cage,BC-R205,NULL,3.3623,8.99,NULL,NULL,Accessories,Bottles and Cages
873,Patch Kit/8 Patches,PK-7098,NULL,0.8565,2.29,NULL,NULL,Accessories,Tires and Tubes
874,"Racing Socks, M",SO-R809-M,White,3.3623,8.99,M,NULL,Clothing,Socks
875,"Racing Socks, L",SO-R809-L,White,3.3623,8.99,L,NULL,Clothing,Socks
876,Hitch Rack - 4-Bike,RA-H123,NULL,44.88,120.00,NULL,NULL,Accessories,Bike Racks
877,Bike Wash - Dissolver,CL-9009,NULL,2.9733,7.95,NULL,NULL,Accessories,Cleaners
878,Fender Set - Mountain,FE-6654,NULL,8.2205,21.98,NULL,NULL,Accessories,Fenders
879,All-Purpose Bike Stand,ST-1401,NULL,59.466,159.00,NULL,NULL,Accessories,Bike Stands
880,Hydration Pack - 70 oz.,HY-1023-70,Silver,20.5663,54.99,70,NULL,Accessories,Hydration Packs
881,"Short-Sleeve Classic Jersey, S",SJ-0194-S,Yellow,41.5723,53.99,S,NULL,Clothing,Jerseys
882,"Short-Sleeve Classic Jersey, M",SJ-0194-M,Yellow,41.5723,53.99,M,NULL,Clothing,Jerseys
883,"Short-Sleeve Classic Jersey, L",SJ-0194-L,Yellow,41.5723,53.99,L,NULL,Clothing,Jerseys
884,"Short-Sleeve Classic Jersey, XL",SJ-0194-X,Yellow,41.5723,53.99,XL,NULL,Clothing,Jerseys
885,"HL Touring Frame - Yellow, 60",FR-T98Y-60,Yellow,601.7437,1003.91,60,3.08,Components,Touring Frames
886,"LL Touring Frame - Yellow, 62",FR-T67Y-62,Yellow,199.8519,333.42,62,3.20,Components,Touring Frames
887,"HL Touring Frame - Yellow, 46",FR-T98Y-46,Yellow,601.7437,1003.91,46,2.96,Components,Touring Frames
888,"HL Touring Frame - Yellow, 50",FR-T98Y-50,Yellow,601.7437,1003.91,50,3.00,Components,Touring Frames
889,"HL Touring Frame - Yellow, 54",FR-T98Y-54,Yellow,601.7437,1003.91,54,3.04,Components,Touring Frames
890,"HL Touring Frame - Blue, 46",FR-T98U-46,Blue,601.7437,1003.91,46,2.96,Components,Touring Frames
891,"HL Touring Frame - Blue, 50",FR-T98U-50,Blue,601.7437,1003.91,50,3.00,Components,Touring Frames
892,"HL Touring Frame - Blue, 54",FR-T98U-54,Blue,601.7437,1003.91,54,3.04,Components,Touring Frames
893,"HL Touring Frame - Blue, 60",FR-T98U-60,Blue,601.7437,1003.91,60,3.08,Components,Touring Frames
894,Rear Derailleur,RD-2308,Silver,53.9282,121.46,NULL,215.00,Components,Derailleurs
895,"LL Touring Frame - Blue, 50",FR-T67U-50,Blue,199.8519,333.42,50,3.10,Components,Touring Frames
896,"LL Touring Frame - Blue, 54",FR-T67U-54,Blue,199.8519,333.42,54,3.14,Components,Touring Frames
897,"LL Touring Frame - Blue, 58",FR-T67U-58,Blue,199.8519,333.42,58,3.16,Components,Touring Frames
898,"LL Touring Frame - Blue, 62",FR-T67U-62,Blue,199.8519,333.42,62,3.20,Components,Touring Frames
899,"LL Touring Frame - Yellow, 44",FR-T67Y-44,Yellow,199.8519,333.42,44,3.02,Components,Touring Frames
900,"LL Touring Frame - Yellow, 50",FR-T67Y-50,Yellow,199.8519,333.42,50,3.10,Components,Touring Frames
901,"LL Touring Frame - Yellow, 54",FR-T67Y-54,Yellow,199.8519,333.42,54,3.14,Components,Touring Frames
902,"LL Touring Frame - Yellow, 58",FR-T67Y-58,Yellow,199.8519,333.42,58,3.16,Components,Touring Frames
903,"LL Touring Frame - Blue, 44",FR-T67U-44,Blue,199.8519,333.42,44,3.02,Components,Touring Frames
904,"ML Mountain Frame-W - Silver, 40",FR-M63S-40,Silver,199.3757,364.09,40,2.77,Components,Mountain Frames
905,"ML Mountain Frame-W - Silver, 42",FR-M63S-42,Silver,199.3757,364.09,42,2.81,Components,Mountain Frames
906,"ML Mountain Frame-W - Silver, 46",FR-M63S-46,Silver,199.3757,364.09,46,2.85,Components,Mountain Frames
907,Rear Brakes,RB-9231,Silver,47.286,106.50,NULL,317.00,Components,Brakes
908,LL Mountain Seat/Saddle,SE-M236,NULL,12.0413,27.12,NULL,NULL,Components,Saddles
909,ML Mountain Seat/Saddle,SE-M798,NULL,17.3782,39.14,NULL,NULL,Components,Saddles
910,HL Mountain Seat/Saddle,SE-M940,NULL,23.3722,52.64,NULL,NULL,Components,Saddles
911,LL Road Seat/Saddle,SE-R581,NULL,12.0413,27.12,NULL,NULL,Components,Saddles
912,ML Road Seat/Saddle,SE-R908,NULL,17.3782,39.14,NULL,NULL,Components,Saddles
913,HL Road Seat/Saddle,SE-R995,NULL,23.3722,52.64,NULL,NULL,Components,Saddles
914,LL Touring Seat/Saddle,SE-T312,NULL,12.0413,27.12,NULL,NULL,Components,Saddles
915,ML Touring Seat/Saddle,SE-T762,NULL,17.3782,39.14,NULL,NULL,Components,Saddles
916,HL Touring Seat/Saddle,SE-T924,NULL,23.3722,52.64,NULL,NULL,Components,Saddles
917,"LL Mountain Frame - Silver, 42",FR-M21S-42,Silver,144.5938,264.05,42,2.92,Components,Mountain Frames
918,"LL Mountain Frame - Silver, 44",FR-M21S-44,Silver,144.5938,264.05,44,2.96,Components,Mountain Frames
919,"LL Mountain Frame - Silver, 48",FR-M21S-48,Silver,144.5938,264.05,48,3.00,Components,Mountain Frames
920,"LL Mountain Frame - Silver, 52",FR-M21S-52,Silver,144.5938,264.05,52,3.04,Components,Mountain Frames
921,Mountain Tire Tube,TT-M928,NULL,1.8663,4.99,NULL,NULL,Accessories,Tires and Tubes
922,Road Tire Tube,TT-R982,NULL,1.4923,3.99,NULL,NULL,Accessories,Tires and Tubes
923,Touring Tire Tube,TT-T092,NULL,1.8663,4.99,NULL,NULL,Accessories,Tires and Tubes
924,"LL Mountain Frame - Black, 42",FR-M21B-42,Black,136.785,249.79,42,2.92,Components,Mountain Frames
925,"LL Mountain Frame - Black, 44",FR-M21B-44,Black,136.785,249.79,44,2.96,Components,Mountain Frames
926,"LL Mountain Frame - Black, 48",FR-M21B-48,Black,136.785,249.79,48,3.00,Components,Mountain Frames
927,"LL Mountain Frame - Black, 52",FR-M21B-52,Black,136.785,249.79,52,3.04,Components,Mountain Frames
928,LL Mountain Tire,TI-M267,NULL,9.3463,24.99,NULL,NULL,Accessories,Tires and Tubes
929,ML Mountain Tire,TI-M602,NULL,11.2163,29.99,NULL,NULL,Accessories,Tires and Tubes
930,HL Mountain Tire,TI-M823,NULL,13.09,35.00,NULL,NULL,Accessories,Tires and Tubes
931,LL Road Tire,TI-R092,NULL,8.0373,21.49,NULL,NULL,Accessories,Tires and Tubes
932,ML Road Tire,TI-R628,NULL,9.3463,24.99,NULL,NULL,Accessories,Tires and Tubes
933,HL Road Tire,TI-R982,NULL,12.1924,32.60,NULL,NULL,Accessories,Tires and Tubes
934,Touring Tire,TI-T723,NULL,10.8423,28.99,NULL,NULL,Accessories,Tires and Tubes
935,LL Mountain Pedal,PD-M282,Silver/Black,17.9776,40.49,NULL,218.00,Components,Pedals
936,ML Mountain Pedal,PD-M340,Silver/Black,27.568,62.09,NULL,215.00,Components,Pedals
937,HL Mountain Pedal,PD-M562,Silver/Black,35.9596,80.99,NULL,185.00,Components,Pedals
938,LL Road Pedal,PD-R347,Silver/Black,17.9776,40.49,NULL,189.00,Components,Pedals
939,ML Road Pedal,PD-R563,Silver/Black,27.568,62.09,NULL,168.00,Components,Pedals
940,HL Road Pedal,PD-R853,Silver/Black,35.9596,80.99,NULL,149.00,Components,Pedals
941,Touring Pedal,PD-T852,Silver/Black,35.9596,80.99,NULL,NULL,Components,Pedals
942,"ML Mountain Frame-W - Silver, 38",FR-M63S-38,Silver,199.3757,364.09,38,2.73,Components,Mountain Frames
943,"LL Mountain Frame - Black, 40",FR-M21B-40,Black,136.785,249.79,40,2.88,Components,Mountain Frames
944,"LL Mountain Frame - Silver, 40",FR-M21S-40,Silver,144.5938,264.05,40,2.88,Components,Mountain Frames
945,Front Derailleur,FD-2342,Silver,40.6216,91.49,NULL,88.00,Components,Derailleurs
946,LL Touring Handlebars,HB-T721,NULL,20.464,46.09,NULL,NULL,Components,Handlebars
947,HL Touring Handlebars,HB-T928,NULL,40.6571,91.57,NULL,NULL,Components,Handlebars
948,Front Brakes,FB-9873,Silver,47.286,106.50,NULL,317.00,Components,Brakes
949,LL Crankset,CS-4759,Black,77.9176,175.49,NULL,600.00,Components,Cranksets
950,ML Crankset,CS-6583,Black,113.8816,256.49,NULL,635.00,Components,Cranksets
951,HL Crankset,CS-9183,Black,179.8156,404.99,NULL,575.00,Components,Cranksets
952,Chain,CH-0234,Silver,8.9866,20.24,NULL,NULL,Components,Chains
953,"Touring-2000 Blue, 60",BK-T44U-60,Blue,755.1508,1214.85,60,27.90,Bikes,Touring Bikes
954,"Touring-1000 Yellow, 46",BK-T79Y-46,Yellow,1481.9379,2384.07,46,25.13,Bikes,Touring Bikes
955,"Touring-1000 Yellow, 50",BK-T79Y-50,Yellow,1481.9379,2384.07,50,25.42,Bikes,Touring Bikes
956,"Touring-1000 Yellow, 54",BK-T79Y-54,Yellow,1481.9379,2384.07,54,25.68,Bikes,Touring Bikes
957,"Touring-1000 Yellow, 60",BK-T79Y-60,Yellow,1481.9379,2384.07,60,25.90,Bikes,Touring Bikes
958,"Touring-3000 Blue, 54",BK-T18U-54,Blue,461.4448,742.35,54,29.68,Bikes,Touring Bikes
959,"Touring-3000 Blue, 58",BK-T18U-58,Blue,461.4448,742.35,58,29.90,Bikes,Touring Bikes
960,"Touring-3000 Blue, 62",BK-T18U-62,Blue,461.4448,742.35,62,30.00,Bikes,Touring Bikes
961,"Touring-3000 Yellow, 44",BK-T18Y-44,Yellow,461.4448,742.35,44,28.77,Bikes,Touring Bikes
962,"Touring-3000 Yellow, 50",BK-T18Y-50,Yellow,461.4448,742.35,50,29.13,Bikes,Touring Bikes
963,"Touring-3000 Yellow, 54",BK-T18Y-54,Yellow,461.4448,742.35,54,29.42,Bikes,Touring Bikes
964,"Touring-3000 Yellow, 58",BK-T18Y-58,Yellow,461.4448,742.35,58,29.79,Bikes,Touring Bikes
965,"Touring-3000 Yellow, 62",BK-T18Y-62,Yellow,461.4448,742.35,62,30.00,Bikes,Touring Bikes
966,"Touring-1000 Blue, 46",BK-T79U-46,Blue,1481.9379,2384.07,46,25.13,Bikes,Touring Bikes
967,"Touring-1000 Blue, 50",BK-T79U-50,Blue,1481.9379,2384.07,50,25.42,Bikes,Touring Bikes
968,"Touring-1000 Blue, 54",BK-T79U-54,Blue,1481.9379,2384.07,54,25.68,Bikes,Touring Bikes
969,"Touring-1000 Blue, 60",BK-T79U-60,Blue,1481.9379,2384.07,60,25.90,Bikes,Touring Bikes
970,"Touring-2000 Blue, 46",BK-T44U-46,Blue,755.1508,1214.85,46,27.13,Bikes,Touring Bikes
971,"Touring-2000 Blue, 50",BK-T44U-50,Blue,755.1508,1214.85,50,27.42,Bikes,Touring Bikes
972,"Touring-2000 Blue, 54",BK-T44U-54,Blue,755.1508,1214.85,54,27.68,Bikes,Touring Bikes
973,"Road-350-W Yellow, 40",BK-R79Y-40,Yellow,1082.51,1700.99,40,15.35,Bikes,Road Bikes
974,"Road-350-W Yellow, 42",BK-R79Y-42,Yellow,1082.51,1700.99,42,15.77,Bikes,Road Bikes
975,"Road-350-W Yellow, 44",BK-R79Y-44,Yellow,1082.51,1700.99,44,16.13,Bikes,Road Bikes
976,"Road-350-W Yellow, 48",BK-R79Y-48,Yellow,1082.51,1700.99,48,16.42,Bikes,Road Bikes
977,"Road-750 Black, 58",BK-R19B-58,Black,343.6496,539.99,58,20.79,Bikes,Road Bikes
978,"Touring-3000 Blue, 44",BK-T18U-44,Blue,461.4448,742.35,44,28.77,Bikes,Touring Bikes
979,"Touring-3000 Blue, 50",BK-T18U-50,Blue,461.4448,742.35,50,29.13,Bikes,Touring Bikes
980,"Mountain-400-W Silver, 38",BK-M38S-38,Silver,419.7784,769.49,38,26.35,Bikes,Mountain Bikes
981,"Mountain-400-W Silver, 40",BK-M38S-40,Silver,419.7784,769.49,40,26.77,Bikes,Mountain Bikes
982,"Mountain-400-W Silver, 42",BK-M38S-42,Silver,419.7784,769.49,42,27.13,Bikes,Mountain Bikes
983,"Mountain-400-W Silver, 46",BK-M38S-46,Silver,419.7784,769.49,46,27.42,Bikes,Mountain Bikes
984,"Mountain-500 Silver, 40",BK-M18S-40,Silver,308.2179,564.99,40,27.35,Bikes,Mountain Bikes
985,"Mountain-500 Silver, 42",BK-M18S-42,Silver,308.2179,564.99,42,27.77,Bikes,Mountain Bikes
986,"Mountain-500 Silver, 44",BK-M18S-44,Silver,308.2179,564.99,44,28.13,Bikes,Mountain Bikes
987,"Mountain-500 Silver, 48",BK-M18S-48,Silver,308.2179,564.99,48,28.42,Bikes,Mountain Bikes
988,"Mountain-500 Silver, 52",BK-M18S-52,Silver,308.2179,564.99,52,28.68,Bikes,Mountain Bikes
989,"Mountain-500 Black, 40",BK-M18B-40,Black,294.5797,539.99,40,27.35,Bikes,Mountain Bikes
990,"Mountain-500 Black, 42",BK-M18B-42,Black,294.5797,539.99,42,27.77,Bikes,Mountain Bikes
991,"Mountain-500 Black, 44",BK-M18B-44,Black,294.5797,539.99,44,28.13,Bikes,Mountain Bikes
992,"Mountain-500 Black, 48",BK-M18B-48,Black,294.5797,539.99,48,28.42,Bikes,Mountain Bikes
993,"Mountain-500 Black, 52",BK-M18B-52,Black,294.5797,539.99,52,28.68,Bikes,Mountain Bikes
994,LL Bottom Bracket,BB-7421,NULL,23.9716,53.99,NULL,223.00,Components,Bottom Brackets
995,ML Bottom Bracket,BB-8107,NULL,44.9506,101.24,NULL,168.00,Components,Bottom Brackets
996,HL Bottom Bracket,BB-9108,NULL,53.9416,121.49,NULL,170.00,Components,Bottom Brackets
997,"Road-750 Black, 44",BK-R19B-44,Black,343.6496,539.99,44,19.77,Bikes,Road Bikes
998,"Road-750 Black, 48",BK-R19B-48,Black,343.6496,539.99,48,20.13,Bikes,Road Bikes
999,"Road-750 Black, 52",BK-R19B-52,Black,343.6496,539.99,52,20.42,Bikes,Road Bikes
