ProductKey,ProductSubcategoryKey,Class,Style,ModelName,Color,Size,ProductLine,ProductLineLabel,StandardCost,ListPrice,Weight,Status
1,NULL,NULL,NULL,NULL,NA,NULL,NULL,Not Applicable,NULL,NULL,NULL,Current
2,NULL,NULL,NULL,NULL,NA,NULL,NULL,Not Applicable,NULL,NULL,NULL,Current
3,NULL,NULL,NULL,NULL,NA,NULL,NULL,Not Applicable,NULL,NULL,NULL,Current
4,NULL,NULL,NULL,NULL,NA,NULL,NULL,Not Applicable,NULL,NULL,NULL,Current
5,NULL,NULL,NULL,NULL,NA,NULL,NULL,Not Applicable,NULL,NULL,NULL,Current
6,NULL,"L ",NULL,NULL,Black,NULL,NULL,Not Applicable,NULL,NULL,NULL,Current
7,NULL,"M ",NULL,NULL,Black,NULL,NULL,Not Applicable,NULL,NULL,NULL,Current
8,NULL,NULL,NULL,NULL,Black,NULL,NULL,Not Applicable,NULL,NULL,NULL,Current
9,NULL,NULL,NULL,NULL,Silver,NULL,NULL,Not Applicable,NULL,NULL,NULL,Current
10,NULL,NULL,NULL,NULL,Silver,NULL,NULL,Not Applicable,NULL,NULL,NULL,Current
11,NULL,NULL,NULL,NULL,Black,NULL,NULL,Not Applicable,NULL,NULL,NULL,Current
12,NULL,NULL,NULL,NULL,NA,NULL,NULL,Not Applicable,NULL,NULL,NULL,Current
13,NULL,NULL,NULL,NULL,NA,NULL,NULL,Not Applicable,NULL,NULL,NULL,Current
14,NULL,NULL,NULL,NULL,NA,NULL,NULL,Not Applicable,NULL,NULL,NULL,Current
15,NULL,NULL,NULL,NULL,NA,NULL,NULL,Not Applicable,NULL,NULL,NULL,Current
16,NULL,NULL,NULL,NULL,NA,NULL,NULL,Not Applicable,NULL,NULL,NULL,Current
17,NULL,NULL,NULL,NULL,NA,NULL,NULL,Not Applicable,NULL,NULL,NULL,Current
18,NULL,NULL,NULL,NULL,NA,NULL,NULL,Not Applicable,NULL,NULL,NULL,Current
19,NULL,NULL,NULL,NULL,NA,NULL,NULL,Not Applicable,NULL,NULL,NULL,Current
20,NULL,NULL,NULL,NULL,NA,NULL,NULL,Not Applicable,NULL,NULL,NULL,Current
21,NULL,NULL,NULL,NULL,Silver,NULL,NULL,Not Applicable,NULL,NULL,NULL,Current
22,NULL,NULL,NULL,NULL,NA,NULL,NULL,Not Applicable,NULL,NULL,NULL,Current
23,NULL,NULL,NULL,NULL,NA,NULL,NULL,Not Applicable,NULL,NULL,NULL,Current
24,NULL,NULL,NULL,NULL,NA,NULL,NULL,Not Applicable,NULL,NULL,NULL,Current
25,NULL,NULL,NULL,NULL,NA,NULL,NULL,Not Applicable,NULL,NULL,NULL,Current
26,NULL,NULL,NULL,NULL,NA,NULL,NULL,Not Applicable,NULL,NULL,NULL,Current
27,NULL,NULL,NULL,NULL,NA,NULL,NULL,Not Applicable,NULL,NULL,NULL,Current
28,NULL,NULL,NULL,NULL,NA,NULL,NULL,Not Applicable,NULL,NULL,NULL,Current
29,NULL,NULL,NULL,NULL,NA,NULL,NULL,Not Applicable,NULL,NULL,NULL,Current
30,NULL,NULL,NULL,NULL,NA,NULL,NULL,Not Applicable,NULL,NULL,NULL,Current
31,NULL,NULL,NULL,NULL,NA,NULL,NULL,Not Applicable,NULL,NULL,NULL,Current
32,NULL,NULL,NULL,NULL,Silver,NULL,NULL,Not Applicable,NULL,NULL,NULL,Current
33,NULL,NULL,NULL,NULL,Silver,NULL,NULL,Not Applicable,NULL,NULL,NULL,Current
34,NULL,NULL,NULL,NULL,NA,NULL,NULL,Not Applicable,NULL,NULL,NULL,Current
35,NULL,"L ",NULL,NULL,NA,NULL,NULL,Not Applicable,NULL,NULL,NULL,Current
36,NULL,"M ",NULL,NULL,NA,NULL,NULL,Not Applicable,NULL,NULL,NULL,Current
37,NULL,NULL,NULL,NULL,NA,NULL,NULL,Not Applicable,NULL,NULL,NULL,Current
38,NULL,NULL,NULL,NULL,NA,NULL,NULL,Not Applicable,NULL,NULL,NULL,Current
39,NULL,NULL,NULL,NULL,NA,NULL,NULL,Not Applicable,NULL,NULL,NULL,Current
40,NULL,NULL,NULL,NULL,NA,NULL,NULL,Not Applicable,NULL,NULL,NULL,Current
41,NULL,NULL,NULL,NULL,NA,NULL,NULL,Not Applicable,NULL,NULL,NULL,Current
42,NULL,NULL,NULL,NULL,NA,NULL,NULL,Not Applicable,NULL,NULL,NULL,Current
43,NULL,NULL,NULL,NULL,NA,NULL,NULL,Not Applicable,NULL,NULL,NULL,Current
44,NULL,NULL,NULL,NULL,NA,NULL,NULL,Not Applicable,NULL,NULL,NULL,Current
45,NULL,NULL,NULL,NULL,NA,NULL,NULL,Not Applicable,NULL,NULL,NULL,Current
46,NULL,NULL,NULL,NULL,NA,NULL,NULL,Not Applicable,NULL,NULL,NULL,Current
47,NULL,NULL,NULL,NULL,NA,NULL,NULL,Not Applicable,NULL,NULL,NULL,Current
48,NULL,NULL,NULL,NULL,NA,NULL,NULL,Not Applicable,NULL,NULL,NULL,Current
49,NULL,NULL,NULL,NULL,NA,NULL,NULL,Not Applicable,NULL,NULL,NULL,Current
50,NULL,NULL,NULL,NULL,NA,NULL,NULL,Not Applicable,NULL,NULL,NULL,Current
51,NULL,NULL,NULL,NULL,NA,NULL,NULL,Not Applicable,NULL,NULL,NULL,Current
52,NULL,NULL,NULL,NULL,NA,NULL,NULL,Not Applicable,NULL,NULL,NULL,Current
53,NULL,NULL,NULL,NULL,NA,NULL,NULL,Not Applicable,NULL,NULL,NULL,Current
54,NULL,NULL,NULL,NULL,NA,NULL,NULL,Not Applicable,NULL,NULL,NULL,Current
55,NULL,NULL,NULL,NULL,NA,NULL,NULL,Not Applicable,NULL,NULL,NULL,Current
56,NULL,NULL,NULL,NULL,NA,NULL,NULL,Not Applicable,NULL,NULL,NULL,Current
57,NULL,NULL,NULL,NULL,NA,NULL,NULL,Not Applicable,NULL,NULL,NULL,Current
58,NULL,NULL,NULL,NULL,NA,NULL,NULL,Not Applicable,NULL,NULL,NULL,Current
59,NULL,NULL,NULL,NULL,NA,NULL,NULL,Not Applicable,NULL,NULL,NULL,Current
60,NULL,NULL,NULL,NULL,NA,NULL,NULL,Not Applicable,NULL,NULL,NULL,Current
61,NULL,NULL,NULL,NULL,NA,NULL,NULL,Not Applicable,NULL,NULL,NULL,Current
62,NULL,NULL,NULL,NULL,NA,NULL,NULL,Not Applicable,NULL,NULL,NULL,Current
63,NULL,NULL,NULL,NULL,NA,NULL,NULL,Not Applicable,NULL,NULL,NULL,Current
64,NULL,NULL,NULL,NULL,NA,NULL,NULL,Not Applicable,NULL,NULL,NULL,Current
65,NULL,NULL,NULL,NULL,NA,NULL,NULL,Not Applicable,NULL,NULL,NULL,Current
66,NULL,NULL,NULL,NULL,NA,NULL,NULL,Not Applicable,NULL,NULL,NULL,Current
67,NULL,NULL,NULL,NULL,NA,NULL,NULL,Not Applicable,NULL,NULL,NULL,Current
68,NULL,NULL,NULL,NULL,NA,NULL,NULL,Not Applicable,NULL,NULL,NULL,Current
69,NULL,NULL,NULL,NULL,NA,NULL,NULL,Not Applicable,NULL,NULL,NULL,Current
70,NULL,NULL,NULL,NULL,NA,NULL,NULL,Not Applicable,NULL,NULL,NULL,Current
71,NULL,NULL,NULL,NULL,NA,NULL,NULL,Not Applicable,NULL,NULL,NULL,Current
72,NULL,NULL,NULL,NULL,NA,NULL,NULL,Not Applicable,NULL,NULL,NULL,Current
73,NULL,NULL,NULL,NULL,NA,NULL,NULL,Not Applicable,NULL,NULL,NULL,Current
74,NULL,NULL,NULL,NULL,NA,NULL,NULL,Not Applicable,NULL,NULL,NULL,Current
75,NULL,NULL,NULL,NULL,NA,NULL,NULL,Not Applicable,NULL,NULL,NULL,Current
76,NULL,NULL,NULL,NULL,NA,NULL,NULL,Not Applicable,NULL,NULL,NULL,Current
77,NULL,NULL,NULL,NULL,NA,NULL,NULL,Not Applicable,NULL,NULL,NULL,Current
78,NULL,NULL,NULL,NULL,NA,NULL,NULL,Not Applicable,NULL,NULL,NULL,Current
79,NULL,"L ",NULL,NULL,NA,NULL,NULL,Not Applicable,NULL,NULL,NULL,Current
80,NULL,NULL,NULL,NULL,NA,NULL,NULL,Not Applicable,NULL,NULL,NULL,Current
81,NULL,NULL,NULL,NULL,NA,NULL,NULL,Not Applicable,NULL,NULL,NULL,Current
82,NULL,NULL,NULL,NULL,NA,NULL,NULL,Not Applicable,NULL,NULL,NULL,Current
83,NULL,NULL,NULL,NULL,NA,NULL,NULL,Not Applicable,NULL,NULL,NULL,Current
84,NULL,NULL,NULL,NULL,NA,NULL,NULL,Not Applicable,NULL,NULL,NULL,Current
85,NULL,NULL,NULL,NULL,NA,NULL,NULL,Not Applicable,NULL,NULL,NULL,Current
86,NULL,NULL,NULL,NULL,NA,NULL,NULL,Not Applicable,NULL,NULL,NULL,Current
87,NULL,NULL,NULL,NULL,NA,NULL,NULL,Not Applicable,NULL,NULL,NULL,Current
88,NULL,NULL,NULL,NULL,NA,NULL,NULL,Not Applicable,NULL,NULL,NULL,Current
89,NULL,NULL,NULL,NULL,NA,NULL,NULL,Not Applicable,NULL,NULL,NULL,Current
90,NULL,NULL,NULL,NULL,NA,NULL,NULL,Not Applicable,NULL,NULL,NULL,Current
91,NULL,NULL,NULL,NULL,NA,NULL,NULL,Not Applicable,NULL,NULL,NULL,Current
92,NULL,NULL,NULL,NULL,NA,NULL,NULL,Not Applicable,NULL,NULL,NULL,Current
93,NULL,NULL,NULL,NULL,NA,NULL,NULL,Not Applicable,NULL,NULL,NULL,Current
94,NULL,NULL,NULL,NULL,NA,NULL,NULL,Not Applicable,NULL,NULL,NULL,Current
95,NULL,NULL,NULL,NULL,NA,NULL,NULL,Not Applicable,NULL,NULL,NULL,Current
96,NULL,NULL,NULL,NULL,NA,NULL,NULL,Not Applicable,NULL,NULL,NULL,Current
97,NULL,NULL,NULL,NULL,NA,NULL,NULL,Not Applicable,NULL,NULL,NULL,Current
98,NULL,NULL,NULL,NULL,NA,NULL,NULL,Not Applicable,NULL,NULL,NULL,Current
99,NULL,NULL,NULL,NULL,NA,NULL,NULL,Not Applicable,NULL,NULL,NULL,Current
100,NULL,NULL,NULL,NULL,NA,NULL,NULL,Not Applicable,NULL,NULL,NULL,Current
101,NULL,NULL,NULL,NULL,NA,NULL,NULL,Not Applicable,NULL,NULL,NULL,Current
102,NULL,NULL,NULL,NULL,NA,NULL,NULL,Not Applicable,NULL,NULL,NULL,Current
103,NULL,NULL,NULL,NULL,NA,NULL,NULL,Not Applicable,NULL,NULL,NULL,Current
104,NULL,NULL,NULL,NULL,NA,NULL,NULL,Not Applicable,NULL,NULL,NULL,Current
105,NULL,NULL,NULL,NULL,NA,NULL,NULL,Not Applicable,NULL,NULL,NULL,Current
106,NULL,NULL,NULL,NULL,NA,NULL,NULL,Not Applicable,NULL,NULL,NULL,Current
107,NULL,NULL,NULL,NULL,NA,NULL,NULL,Not Applicable,NULL,NULL,NULL,Current
108,NULL,NULL,NULL,NULL,NA,NULL,NULL,Not Applicable,NULL,NULL,NULL,Current
109,NULL,NULL,NULL,NULL,NA,NULL,NULL,Not Applicable,NULL,NULL,NULL,Current
110,NULL,NULL,NULL,NULL,NA,NULL,NULL,Not Applicable,NULL,NULL,NULL,Current
111,NULL,NULL,NULL,NULL,NA,NULL,NULL,Not Applicable,NULL,NULL,NULL,Current
112,NULL,NULL,NULL,NULL,NA,NULL,NULL,Not Applicable,NULL,NULL,NULL,Current
113,NULL,NULL,NULL,NULL,NA,NULL,NULL,Not Applicable,NULL,NULL,NULL,Current
114,NULL,NULL,NULL,NULL,NA,NULL,NULL,Not Applicable,NULL,NULL,NULL,Current
115,NULL,NULL,NULL,NULL,NA,NULL,NULL,Not Applicable,NULL,NULL,NULL,Current
116,NULL,NULL,NULL,NULL,NA,NULL,NULL,Not Applicable,NULL,NULL,NULL,Current
117,NULL,NULL,NULL,NULL,NA,NULL,NULL,Not Applicable,NULL,NULL,NULL,Current
118,NULL,NULL,NULL,NULL,NA,NULL,NULL,Not Applicable,NULL,NULL,NULL,Current
119,NULL,NULL,NULL,NULL,NA,NULL,NULL,Not Applicable,NULL,NULL,NULL,Current
120,NULL,NULL,NULL,NULL,NA,NULL,NULL,Not Applicable,NULL,NULL,NULL,Current
121,NULL,NULL,NULL,NULL,NA,NULL,NULL,Not Applicable,NULL,NULL,NULL,Current
122,NULL,NULL,NULL,NULL,NA,NULL,NULL,Not Applicable,NULL,NULL,NULL,Current
123,NULL,NULL,NULL,NULL,NA,NULL,NULL,Not Applicable,NULL,NULL,NULL,Current
124,NULL,NULL,NULL,NULL,NA,NULL,NULL,Not Applicable,NULL,NULL,NULL,Current
125,NULL,NULL,NULL,NULL,NA,NULL,NULL,Not Applicable,NULL,NULL,NULL,Current
126,NULL,NULL,NULL,NULL,NA,NULL,NULL,Not Applicable,NULL,NULL,NULL,Current
127,NULL,NULL,NULL,NULL,NA,NULL,NULL,Not Applicable,NULL,NULL,NULL,Current
128,NULL,NULL,NULL,NULL,NA,NULL,NULL,Not Applicable,NULL,NULL,NULL,Current
129,NULL,NULL,NULL,NULL,NA,NULL,NULL,Not Applicable,NULL,NULL,NULL,Current
130,NULL,NULL,NULL,NULL,NA,NULL,NULL,Not Applicable,NULL,NULL,NULL,Current
131,NULL,NULL,NULL,NULL,NA,NULL,NULL,Not Applicable,NULL,NULL,NULL,Current
132,NULL,NULL,NULL,NULL,NA,NULL,NULL,Not Applicable,NULL,NULL,NULL,Current
133,NULL,NULL,NULL,NULL,NA,NULL,NULL,Not Applicable,NULL,NULL,NULL,Current
134,NULL,NULL,NULL,NULL,NA,NULL,NULL,Not Applicable,NULL,NULL,NULL,Current
135,NULL,NULL,NULL,NULL,NA,NULL,NULL,Not Applicable,NULL,NULL,NULL,Current
136,NULL,NULL,NULL,NULL,NA,NULL,NULL,Not Applicable,NULL,NULL,NULL,Current
137,NULL,NULL,NULL,NULL,NA,NULL,NULL,Not Applicable,NULL,NULL,NULL,Current
138,NULL,NULL,NULL,NULL,NA,NULL,NULL,Not Applicable,NULL,NULL,NULL,Current
139,NULL,NULL,NULL,NULL,NA,NULL,NULL,Not Applicable,NULL,NULL,NULL,Current
140,NULL,NULL,NULL,NULL,Silver,NULL,NULL,Not Applicable,NULL,NULL,NULL,Current
141,NULL,NULL,NULL,NULL,NA,NULL,NULL,Not Applicable,NULL,NULL,NULL,Current
142,NULL,NULL,NULL,NULL,NA,NULL,NULL,Not Applicable,NULL,NULL,NULL,Current
143,NULL,NULL,NULL,NULL,NA,NULL,NULL,Not Applicable,NULL,NULL,NULL,Current
144,NULL,NULL,NULL,NULL,NA,NULL,NULL,Not Applicable,NULL,NULL,NULL,Current
145,NULL,NULL,NULL,NULL,NA,NULL,NULL,Not Applicable,NULL,NULL,NULL,Current
146,NULL,NULL,NULL,NULL,NA,NULL,NULL,Not Applicable,NULL,NULL,NULL,Current
147,NULL,NULL,NULL,NULL,NA,NULL,NULL,Not Applicable,NULL,NULL,NULL,Current
148,NULL,NULL,NULL,NULL,NA,NULL,NULL,Not Applicable,NULL,NULL,NULL,Current
149,NULL,NULL,NULL,NULL,NA,NULL,NULL,Not Applicable,NULL,NULL,NULL,Current
150,NULL,NULL,NULL,NULL,NA,NULL,NULL,Not Applicable,NULL,NULL,NULL,Current
151,NULL,NULL,NULL,NULL,NA,NULL,NULL,Not Applicable,NULL,NULL,NULL,Current
152,NULL,NULL,NULL,NULL,NA,NULL,NULL,Not Applicable,NULL,NULL,NULL,Current
153,NULL,NULL,NULL,NULL,NA,NULL,NULL,Not Applicable,NULL,NULL,NULL,Current
154,NULL,NULL,NULL,NULL,NA,NULL,NULL,Not Applicable,NULL,NULL,NULL,Current
155,NULL,NULL,NULL,NULL,NA,NULL,NULL,Not Applicable,NULL,NULL,NULL,Current
156,NULL,NULL,NULL,NULL,NA,NULL,NULL,Not Applicable,NULL,NULL,NULL,Current
157,NULL,NULL,NULL,NULL,NA,NULL,NULL,Not Applicable,NULL,NULL,NULL,Current
158,NULL,NULL,NULL,NULL,NA,NULL,NULL,Not Applicable,NULL,NULL,NULL,Current
159,NULL,NULL,NULL,NULL,NA,NULL,NULL,Not Applicable,NULL,NULL,NULL,Current
160,NULL,NULL,NULL,NULL,NA,NULL,NULL,Not Applicable,NULL,NULL,NULL,Current
161,NULL,NULL,NULL,NULL,NA,NULL,NULL,Not Applicable,NULL,NULL,NULL,Current
162,NULL,NULL,NULL,NULL,NA,NULL,NULL,Not Applicable,NULL,NULL,NULL,Current
163,NULL,NULL,NULL,NULL,NA,NULL,NULL,Not Applicable,NULL,NULL,NULL,Current
164,NULL,NULL,NULL,NULL,NA,NULL,NULL,Not Applicable,NULL,NULL,NULL,Current
165,NULL,NULL,NULL,NULL,NA,NULL,NULL,Not Applicable,NULL,NULL,NULL,Current
166,NULL,NULL,NULL,NULL,NA,NULL,NULL,Not Applicable,NULL,NULL,NULL,Current
167,NULL,NULL,NULL,NULL,NA,NULL,NULL,Not Applicable,NULL,NULL,NULL,Current
168,NULL,NULL,NULL,NULL,NA,NULL,NULL,Not Applicable,NULL,NULL,NULL,Current
169,NULL,"L ",NULL,NULL,NA,NULL,NULL,Not Applicable,NULL,NULL,NULL,Current
170,NULL,NULL,NULL,NULL,NA,NULL,NULL,Not Applicable,NULL,NULL,NULL,Current
171,NULL,NULL,NULL,NULL,NA,NULL,NULL,Not Applicable,NULL,NULL,NULL,Current
172,NULL,NULL,NULL,NULL,NA,NULL,NULL,Not Applicable,NULL,NULL,NULL,Current
173,NULL,NULL,NULL,NULL,NA,NULL,NULL,Not Applicable,NULL,NULL,NULL,Current
174,NULL,NULL,NULL,NULL,NA,NULL,NULL,Not Applicable,NULL,NULL,NULL,Current
175,NULL,NULL,NULL,NULL,NA,NULL,NULL,Not Applicable,NULL,NULL,NULL,Current
176,NULL,NULL,NULL,NULL,NA,NULL,NULL,Not Applicable,NULL,NULL,NULL,Current
177,NULL,NULL,NULL,NULL,NA,NULL,NULL,Not Applicable,NULL,NULL,NULL,Current
178,NULL,NULL,NULL,NULL,NA,NULL,NULL,Not Applicable,NULL,NULL,NULL,Current
179,NULL,NULL,NULL,NULL,NA,NULL,NULL,Not Applicable,NULL,NULL,NULL,Current
180,NULL,"L ",NULL,NULL,NA,NULL,NULL,Not Applicable,NULL,NULL,435,Current
181,NULL,"M ",NULL,NULL,NA,NULL,NULL,Not Applicable,NULL,NULL,450,Current
182,NULL,NULL,NULL,NULL,NA,NULL,NULL,Not Applicable,NULL,NULL,400,Current
183,NULL,"L ",NULL,NULL,NA,NULL,NULL,Not Applicable,NULL,NULL,445,Current
184,NULL,"M ",NULL,NULL,NA,NULL,NULL,Not Applicable,NULL,NULL,450,Current
185,NULL,NULL,NULL,NULL,NA,NULL,NULL,Not Applicable,NULL,NULL,400,Current
186,NULL,NULL,NULL,NULL,NA,NULL,NULL,Not Applicable,NULL,NULL,460,Current
187,NULL,"L ",NULL,NULL,NA,NULL,NULL,Not Applicable,NULL,NULL,NULL,Current
188,NULL,"M ",NULL,NULL,NA,NULL,NULL,Not Applicable,NULL,NULL,NULL,Current
189,NULL,NULL,NULL,NULL,NA,NULL,NULL,Not Applicable,NULL,NULL,NULL,Current
190,NULL,"L ",NULL,NULL,NA,NULL,NULL,Not Applicable,NULL,NULL,NULL,Current
191,NULL,"M ",NULL,NULL,NA,NULL,NULL,Not Applicable,NULL,NULL,NULL,Current
192,NULL,NULL,NULL,NULL,NA,NULL,NULL,Not Applicable,NULL,NULL,NULL,Current
193,NULL,"L ",NULL,NULL,NA,NULL,NULL,Not Applicable,NULL,NULL,NULL,Current
194,NULL,"M ",NULL,NULL,NA,NULL,NULL,Not Applicable,NULL,NULL,NULL,Current
195,NULL,NULL,NULL,NULL,NA,NULL,NULL,Not Applicable,NULL,NULL,NULL,Current
196,NULL,"L ",NULL,NULL,NA,NULL,NULL,Not Applicable,NULL,NULL,NULL,Current
197,NULL,NULL,NULL,NULL,NA,NULL,NULL,Not Applicable,NULL,NULL,NULL,Current
198,NULL,"L ",NULL,NULL,NA,NULL,NULL,Not Applicable,NULL,NULL,NULL,Current
199,NULL,NULL,NULL,NULL,NA,NULL,NULL,Not Applicable,NULL,NULL,NULL,Current
200,NULL,NULL,NULL,NULL,NA,NULL,NULL,Not Applicable,NULL,NULL,NULL,Current
201,NULL,NULL,NULL,NULL,NA,NULL,NULL,Not Applicable,NULL,NULL,NULL,Current
202,NULL,NULL,NULL,NULL,NA,NULL,NULL,Not Applicable,NULL,NULL,NULL,Current
203,NULL,NULL,NULL,NULL,NA,NULL,NULL,Not Applicable,NULL,NULL,NULL,Current
204,NULL,NULL,NULL,NULL,NA,NULL,NULL,Not Applicable,NULL,NULL,NULL,Current
205,NULL,NULL,NULL,NULL,NA,NULL,NULL,Not Applicable,NULL,NULL,NULL,Current
206,NULL,NULL,NULL,NULL,NA,NULL,NULL,Not Applicable,NULL,NULL,NULL,Current
207,NULL,NULL,NULL,NULL,NA,NULL,NULL,Not Applicable,NULL,NULL,NULL,Current
208,NULL,NULL,NULL,NULL,NA,NULL,NULL,Not Applicable,NULL,NULL,NULL,Current
209,NULL,NULL,NULL,NULL,Silver,NULL,NULL,Not Applicable,NULL,NULL,NULL,Current
210,14,"H ","U ",HL Road Frame,Black,58,"R ",Road,NULL,NULL,2.24,Current
211,14,"H ","U ",HL Road Frame,Red,58,"R ",Road,NULL,NULL,2.24,Current
212,31,NULL,NULL,Sport-100,Red,NULL,"S ",Sport,12.0278,33.6442,NULL,NULL
213,31,NULL,NULL,Sport-100,Red,NULL,"S ",Sport,13.8782,33.6442,NULL,NULL
214,31,NULL,NULL,Sport-100,Red,NULL,"S ",Sport,13.0863,34.99,NULL,Current
215,31,NULL,NULL,Sport-100,Black,NULL,"S ",Sport,12.0278,33.6442,NULL,NULL
216,31,NULL,NULL,Sport-100,Black,NULL,"S ",Sport,13.8782,33.6442,NULL,NULL
217,31,NULL,NULL,Sport-100,Black,NULL,"S ",Sport,13.0863,34.99,NULL,Current
218,23,NULL,"U ",Mountain Bike Socks,White,M,"M ",Mountain,3.3963,9.50,NULL,NULL
219,23,NULL,"U ",Mountain Bike Socks,White,L,"M ",Mountain,3.3963,9.50,NULL,NULL
220,31,NULL,NULL,Sport-100,Blue,NULL,"S ",Sport,12.0278,33.6442,NULL,NULL
221,31,NULL,NULL,Sport-100,Blue,NULL,"S ",Sport,13.8782,33.6442,NULL,NULL
222,31,NULL,NULL,Sport-100,Blue,NULL,"S ",Sport,13.0863,34.99,NULL,Current
223,19,NULL,"U ",Cycling Cap,Multi,NULL,"S ",Sport,5.7052,8.6442,NULL,NULL
224,19,NULL,"U ",Cycling Cap,Multi,NULL,"S ",Sport,5.2297,8.6442,NULL,NULL
225,19,NULL,"U ",Cycling Cap,Multi,NULL,"S ",Sport,6.9223,8.99,NULL,Current
226,21,NULL,"U ",Long-Sleeve Logo Jersey,Multi,S,"S ",Sport,31.7244,48.0673,NULL,NULL
227,21,NULL,"U ",Long-Sleeve Logo Jersey,Multi,S,"S ",Sport,29.0807,48.0673,NULL,NULL
228,21,NULL,"U ",Long-Sleeve Logo Jersey,Multi,S,"S ",Sport,38.4923,49.99,NULL,Current
229,21,NULL,"U ",Long-Sleeve Logo Jersey,Multi,M,"S ",Sport,31.7244,48.0673,NULL,NULL
230,21,NULL,"U ",Long-Sleeve Logo Jersey,Multi,M,"S ",Sport,29.0807,48.0673,NULL,NULL
231,21,NULL,"U ",Long-Sleeve Logo Jersey,Multi,M,"S ",Sport,38.4923,49.99,NULL,Current
232,21,NULL,"U ",Long-Sleeve Logo Jersey,Multi,L,"S ",Sport,31.7244,48.0673,NULL,NULL
233,21,NULL,"U ",Long-Sleeve Logo Jersey,Multi,L,"S ",Sport,29.0807,48.0673,NULL,NULL
234,21,NULL,"U ",Long-Sleeve Logo Jersey,Multi,L,"S ",Sport,38.4923,49.99,NULL,Current
235,21,NULL,"U ",Long-Sleeve Logo Jersey,Multi,XL,"S ",Sport,31.7244,48.0673,NULL,NULL
236,21,NULL,"U ",Long-Sleeve Logo Jersey,Multi,XL,"S ",Sport,29.0807,48.0673,NULL,NULL
237,21,NULL,"U ",Long-Sleeve Logo Jersey,Multi,XL,"S ",Sport,38.4923,49.99,NULL,Current
238,14,"H ","U ",HL Road Frame,Red,62,"R ",Road,747.9682,1263.4598,2.3,NULL
239,14,"H ","U ",HL Road Frame,Red,62,"R ",Road,722.2568,1301.3636,2.3,NULL
240,14,"H ","U ",HL Road Frame,Red,62,"R ",Road,868.6342,1431.50,2.3,Current
241,14,"H ","U ",HL Road Frame,Red,44,"R ",Road,747.9682,1263.4598,2.12,NULL
242,14,"H ","U ",HL Road Frame,Red,44,"R ",Road,722.2568,1301.3636,2.12,NULL
243,14,"H ","U ",HL Road Frame,Red,44,"R ",Road,868.6342,1431.50,2.12,Current
244,14,"H ","U ",HL Road Frame,Red,48,"R ",Road,747.9682,1263.4598,2.16,NULL
245,14,"H ","U ",HL Road Frame,Red,48,"R ",Road,722.2568,1301.3636,2.16,NULL
246,14,"H ","U ",HL Road Frame,Red,48,"R ",Road,868.6342,1431.50,2.16,Current
247,14,"H ","U ",HL Road Frame,Red,52,"R ",Road,747.9682,1263.4598,2.2,NULL
248,14,"H ","U ",HL Road Frame,Red,52,"R ",Road,722.2568,1301.3636,2.2,NULL
249,14,"H ","U ",HL Road Frame,Red,52,"R ",Road,868.6342,1431.50,2.2,Current
250,14,"H ","U ",HL Road Frame,Red,56,"R ",Road,747.9682,1263.4598,2.24,NULL
251,14,"H ","U ",HL Road Frame,Red,56,"R ",Road,722.2568,1301.3636,2.24,NULL
252,14,"H ","U ",HL Road Frame,Red,56,"R ",Road,868.6342,1431.50,2.24,Current
253,14,"L ","U ",LL Road Frame,Black,58,"R ",Road,176.1997,297.6346,2.46,NULL
254,14,"L ","U ",LL Road Frame,Black,58,"R ",Road,170.1428,306.5636,2.46,NULL
255,14,"L ","U ",LL Road Frame,Black,58,"R ",Road,204.6251,337.22,2.46,Current
256,14,"L ","U ",LL Road Frame,Black,60,"R ",Road,176.1997,297.6346,2.48,NULL
257,14,"L ","U ",LL Road Frame,Black,60,"R ",Road,170.1428,306.5636,2.48,NULL
258,14,"L ","U ",LL Road Frame,Black,60,"R ",Road,204.6251,337.22,2.48,Current
259,14,"L ","U ",LL Road Frame,Black,62,"R ",Road,176.1997,297.6346,2.5,NULL
260,14,"L ","U ",LL Road Frame,Black,62,"R ",Road,170.1428,306.5636,2.5,NULL
261,14,"L ","U ",LL Road Frame,Black,62,"R ",Road,204.6251,337.22,2.5,Current
262,14,"L ","U ",LL Road Frame,Red,44,"R ",Road,181.4857,306.5636,2.32,NULL
263,14,"L ","U ",LL Road Frame,Red,44,"R ",Road,187.1571,337.22,2.32,NULL
264,14,"L ","U ",LL Road Frame,Red,48,"R ",Road,181.4857,306.5636,2.36,NULL
265,14,"L ","U ",LL Road Frame,Red,48,"R ",Road,187.1571,337.22,2.36,NULL
266,14,"L ","U ",LL Road Frame,Red,52,"R ",Road,181.4857,306.5636,2.4,NULL
267,14,"L ","U ",LL Road Frame,Red,52,"R ",Road,187.1571,337.22,2.4,NULL
268,14,"L ","U ",LL Road Frame,Red,58,"R ",Road,181.4857,306.5636,2.46,NULL
269,14,"L ","U ",LL Road Frame,Red,58,"R ",Road,187.1571,337.22,2.46,NULL
270,14,"L ","U ",LL Road Frame,Red,60,"R ",Road,181.4857,306.5636,2.48,NULL
271,14,"L ","U ",LL Road Frame,Red,60,"R ",Road,187.1571,337.22,2.48,NULL
272,14,"L ","U ",LL Road Frame,Red,62,"R ",Road,181.4857,306.5636,2.5,NULL
273,14,"L ","U ",LL Road Frame,Red,62,"R ",Road,187.1571,337.22,2.5,NULL
274,14,"M ","U ",ML Road Frame,Red,44,"R ",Road,352.1394,594.83,2.22,NULL
275,14,"M ","U ",ML Road Frame,Red,48,"R ",Road,352.1394,594.83,2.26,NULL
276,14,"M ","U ",ML Road Frame,Red,52,"R ",Road,352.1394,594.83,2.3,NULL
277,14,"M ","U ",ML Road Frame,Red,58,"R ",Road,352.1394,594.83,2.36,NULL
278,14,"M ","U ",ML Road Frame,Red,60,"R ",Road,352.1394,594.83,2.38,NULL
279,14,"L ","U ",LL Road Frame,Black,44,"R ",Road,176.1997,297.6346,2.32,NULL
280,14,"L ","U ",LL Road Frame,Black,44,"R ",Road,170.1428,306.5636,2.32,NULL
281,14,"L ","U ",LL Road Frame,Black,44,"R ",Road,204.6251,337.22,2.32,Current
282,14,"L ","U ",LL Road Frame,Black,48,"R ",Road,176.1997,297.6346,2.36,NULL
283,14,"L ","U ",LL Road Frame,Black,48,"R ",Road,170.1428,306.5636,2.36,NULL
284,14,"L ","U ",LL Road Frame,Black,48,"R ",Road,204.6251,337.22,2.36,Current
285,14,"L ","U ",LL Road Frame,Black,52,"R ",Road,176.1997,297.6346,2.4,NULL
286,14,"L ","U ",LL Road Frame,Black,52,"R ",Road,170.1428,306.5636,2.4,NULL
287,14,"L ","U ",LL Road Frame,Black,52,"R ",Road,204.6251,337.22,2.4,Current
288,12,"H ","U ",HL Mountain Frame,Silver,42,"M ",Mountain,623.8403,1204.3248,2.72,NULL
289,12,"H ","U ",HL Mountain Frame,Silver,42,"M ",Mountain,660.9142,1240.4545,2.72,NULL
290,12,"H ","U ",HL Mountain Frame,Silver,42,"M ",Mountain,747.2002,1364.50,2.72,Current
291,12,"H ","U ",HL Mountain Frame,Silver,44,"M ",Mountain,706.811,1364.50,2.76,NULL
292,12,"H ","U ",HL Mountain Frame,Silver,48,"M ",Mountain,706.811,1364.50,2.8,NULL
293,12,"H ","U ",HL Mountain Frame,Silver,46,"M ",Mountain,623.8403,1204.3248,2.84,NULL
294,12,"H ","U ",HL Mountain Frame,Silver,46,"M ",Mountain,660.9142,1240.4545,2.84,NULL
295,12,"H ","U ",HL Mountain Frame,Silver,46,"M ",Mountain,747.2002,1364.50,2.84,Current
296,12,"H ","U ",HL Mountain Frame,Black,42,"M ",Mountain,617.0281,1191.1739,2.72,NULL
297,12,"H ","U ",HL Mountain Frame,Black,42,"M ",Mountain,653.6971,1226.9091,2.72,NULL
298,12,"H ","U ",HL Mountain Frame,Black,42,"M ",Mountain,739.041,1349.60,2.72,Current
299,12,"H ","U ",HL Mountain Frame,Black,44,"M ",Mountain,699.0928,1349.60,2.76,NULL
300,12,"H ","U ",HL Mountain Frame,Black,48,"M ",Mountain,699.0928,1349.60,2.8,NULL
301,12,"H ","U ",HL Mountain Frame,Black,46,"M ",Mountain,617.0281,1191.1739,2.84,NULL
302,12,"H ","U ",HL Mountain Frame,Black,46,"M ",Mountain,653.6971,1226.9091,2.84,NULL
303,12,"H ","U ",HL Mountain Frame,Black,46,"M ",Mountain,739.041,1349.60,2.84,Current
304,12,"H ","U ",HL Mountain Frame,Black,38,"M ",Mountain,617.0281,1191.1739,2.68,NULL
305,12,"H ","U ",HL Mountain Frame,Black,38,"M ",Mountain,653.6971,1226.9091,2.68,NULL
306,12,"H ","U ",HL Mountain Frame,Black,38,"M ",Mountain,739.041,1349.60,2.68,Current
307,12,"H ","U ",HL Mountain Frame,Silver,38,"M ",Mountain,623.8403,1204.3248,2.68,NULL
308,12,"H ","U ",HL Mountain Frame,Silver,38,"M ",Mountain,660.9142,1240.4545,2.68,NULL
309,12,"H ","U ",HL Mountain Frame,Silver,38,"M ",Mountain,747.2002,1364.50,2.68,Current
310,2,"H ","U ",Road-150,Red,62,"R ",Road,2171.2942,3578.27,15,NULL
311,2,"H ","U ",Road-150,Red,44,"R ",Road,2171.2942,3578.27,13.77,NULL
312,2,"H ","U ",Road-150,Red,48,"R ",Road,2171.2942,3578.27,14.13,NULL
313,2,"H ","U ",Road-150,Red,52,"R ",Road,2171.2942,3578.27,14.42,NULL
314,2,"H ","U ",Road-150,Red,56,"R ",Road,2171.2942,3578.27,14.68,NULL
315,2,"M ","U ",Road-450,Red,58,"R ",Road,884.7083,1457.99,17.79,NULL
316,2,"M ","U ",Road-450,Red,60,"R ",Road,884.7083,1457.99,17.9,NULL
317,2,"M ","U ",Road-450,Red,44,"R ",Road,884.7083,1457.99,16.77,NULL
318,2,"M ","U ",Road-450,Red,48,"R ",Road,884.7083,1457.99,17.13,NULL
319,2,"M ","U ",Road-450,Red,52,"R ",Road,884.7083,1457.99,17.42,NULL
320,2,"L ","U ",Road-650,Red,58,"R ",Road,413.1463,699.0982,19.79,NULL
321,2,"L ","U ",Road-650,Red,58,"R ",Road,486.7066,782.99,19.79,NULL
322,2,"L ","U ",Road-650,Red,60,"R ",Road,413.1463,699.0982,19.9,NULL
323,2,"L ","U ",Road-650,Red,60,"R ",Road,486.7066,782.99,19.9,NULL
324,2,"L ","U ",Road-650,Red,62,"R ",Road,413.1463,699.0982,20,NULL
325,2,"L ","U ",Road-650,Red,62,"R ",Road,486.7066,782.99,20,NULL
326,2,"L ","U ",Road-650,Red,44,"R ",Road,413.1463,699.0982,18.77,NULL
327,2,"L ","U ",Road-650,Red,44,"R ",Road,486.7066,782.99,18.77,NULL
328,2,"L ","U ",Road-650,Red,48,"R ",Road,413.1463,699.0982,19.13,NULL
329,2,"L ","U ",Road-650,Red,48,"R ",Road,486.7066,782.99,19.13,NULL
330,2,"L ","U ",Road-650,Red,52,"R ",Road,413.1463,699.0982,19.42,NULL
331,2,"L ","U ",Road-650,Red,52,"R ",Road,486.7066,782.99,19.42,NULL
332,2,"L ","U ",Road-650,Black,58,"R ",Road,413.1463,699.0982,19.79,NULL
333,2,"L ","U ",Road-650,Black,58,"R ",Road,486.7066,782.99,19.79,NULL
334,2,"L ","U ",Road-650,Black,60,"R ",Road,413.1463,699.0982,19.9,NULL
335,2,"L ","U ",Road-650,Black,60,"R ",Road,486.7066,782.99,19.9,NULL
336,2,"L ","U ",Road-650,Black,62,"R ",Road,413.1463,699.0982,20,NULL
337,2,"L ","U ",Road-650,Black,62,"R ",Road,486.7066,782.99,20,NULL
338,2,"L ","U ",Road-650,Black,44,"R ",Road,413.1463,699.0982,18.77,NULL
339,2,"L ","U ",Road-650,Black,44,"R ",Road,486.7066,782.99,18.77,NULL
340,2,"L ","U ",Road-650,Black,48,"R ",Road,413.1463,699.0982,19.13,NULL
341,2,"L ","U ",Road-650,Black,48,"R ",Road,486.7066,782.99,19.13,NULL
342,2,"L ","U ",Road-650,Black,52,"R ",Road,413.1463,699.0982,19.42,NULL
343,2,"L ","U ",Road-650,Black,52,"R ",Road,486.7066,782.99,19.42,NULL
344,1,"H ","U ",Mountain-100,Silver,38,"M ",Mountain,1912.1544,3399.99,20.35,NULL
345,1,"H ","U ",Mountain-100,Silver,42,"M ",Mountain,1912.1544,3399.99,20.77,NULL
346,1,"H ","U ",Mountain-100,Silver,44,"M ",Mountain,1912.1544,3399.99,21.13,NULL
347,1,"H ","U ",Mountain-100,Silver,48,"M ",Mountain,1912.1544,3399.99,21.42,NULL
348,1,"H ","U ",Mountain-100,Black,38,"M ",Mountain,1898.0944,3374.99,20.35,NULL
349,1,"H ","U ",Mountain-100,Black,42,"M ",Mountain,1898.0944,3374.99,20.77,NULL
350,1,"H ","U ",Mountain-100,Black,44,"M ",Mountain,1898.0944,3374.99,21.13,NULL
351,1,"H ","U ",Mountain-100,Black,48,"M ",Mountain,1898.0944,3374.99,21.42,NULL
352,1,"H ","U ",Mountain-200,Silver,38,"M ",Mountain,1117.8559,2071.4196,23.35,NULL
353,1,"H ","U ",Mountain-200,Silver,38,"M ",Mountain,1265.6195,2319.99,23.35,Current
354,1,"H ","U ",Mountain-200,Silver,42,"M ",Mountain,1117.8559,2071.4196,23.77,NULL
355,1,"H ","U ",Mountain-200,Silver,42,"M ",Mountain,1265.6195,2319.99,23.77,Current
356,1,"H ","U ",Mountain-200,Silver,46,"M ",Mountain,1117.8559,2071.4196,24.13,NULL
357,1,"H ","U ",Mountain-200,Silver,46,"M ",Mountain,1265.6195,2319.99,24.13,Current
358,1,"H ","U ",Mountain-200,Black,38,"M ",Mountain,1105.81,2049.0982,23.35,NULL
359,1,"H ","U ",Mountain-200,Black,38,"M ",Mountain,1251.9813,2294.99,23.35,Current
360,1,"H ","U ",Mountain-200,Black,42,"M ",Mountain,1105.81,2049.0982,23.77,NULL
361,1,"H ","U ",Mountain-200,Black,42,"M ",Mountain,1251.9813,2294.99,23.77,Current
362,1,"H ","U ",Mountain-200,Black,46,"M ",Mountain,1105.81,2049.0982,24.13,NULL
363,1,"H ","U ",Mountain-200,Black,46,"M ",Mountain,1251.9813,2294.99,24.13,Current
364,1,"M ","U ",Mountain-300,Black,38,"M ",Mountain,598.4354,1079.99,25.35,NULL
365,1,"M ","U ",Mountain-300,Black,40,"M ",Mountain,598.4354,1079.99,25.77,NULL
366,1,"M ","U ",Mountain-300,Black,44,"M ",Mountain,598.4354,1079.99,26.13,NULL
367,1,"M ","U ",Mountain-300,Black,48,"M ",Mountain,598.4354,1079.99,26.42,NULL
368,2,"H ","U ",Road-250,Red,44,"R ",Road,1518.7864,2443.35,14.77,NULL
369,2,"H ","U ",Road-250,Red,48,"R ",Road,1518.7864,2443.35,15.13,NULL
370,2,"H ","U ",Road-250,Red,52,"R ",Road,1518.7864,2443.35,15.42,NULL
371,2,"H ","U ",Road-250,Red,58,"R ",Road,1320.6838,2181.5625,15.79,NULL
372,2,"H ","U ",Road-250,Red,58,"R ",Road,1554.9479,2443.35,15.79,Current
373,2,"H ","U ",Road-250,Black,44,"R ",Road,1320.6838,2181.5625,14.77,NULL
374,2,"H ","U ",Road-250,Black,44,"R ",Road,1554.9479,2443.35,14.77,Current
375,2,"H ","U ",Road-250,Black,48,"R ",Road,1320.6838,2181.5625,15.13,NULL
376,2,"H ","U ",Road-250,Black,48,"R ",Road,1554.9479,2443.35,15.13,Current
377,2,"H ","U ",Road-250,Black,52,"R ",Road,1320.6838,2181.5625,15.42,NULL
378,2,"H ","U ",Road-250,Black,52,"R ",Road,1554.9479,2443.35,15.42,Current
379,2,"H ","U ",Road-250,Black,58,"R ",Road,1320.6838,2181.5625,15.68,NULL
380,2,"H ","U ",Road-250,Black,58,"R ",Road,1554.9479,2443.35,15.68,Current
381,2,"M ","W ",Road-550-W,Yellow,38,"R ",Road,605.6492,1000.4375,17.35,NULL
382,2,"M ","W ",Road-550-W,Yellow,38,"R ",Road,713.0798,1120.49,17.35,Current
383,2,"M ","W ",Road-550-W,Yellow,40,"R ",Road,605.6492,1000.4375,17.77,NULL
384,2,"M ","W ",Road-550-W,Yellow,40,"R ",Road,713.0798,1120.49,17.77,Current
385,2,"M ","W ",Road-550-W,Yellow,42,"R ",Road,605.6492,1000.4375,18.13,NULL
386,2,"M ","W ",Road-550-W,Yellow,42,"R ",Road,713.0798,1120.49,18.13,Current
387,2,"M ","W ",Road-550-W,Yellow,44,"R ",Road,605.6492,1000.4375,18.42,NULL
388,2,"M ","W ",Road-550-W,Yellow,44,"R ",Road,713.0798,1120.49,18.42,Current
389,2,"M ","W ",Road-550-W,Yellow,48,"R ",Road,605.6492,1000.4375,18.68,NULL
390,2,"M ","W ",Road-550-W,Yellow,48,"R ",Road,713.0798,1120.49,18.68,Current
391,10,"L ",NULL,LL Fork,NA,NULL,NULL,Not Applicable,65.8097,148.22,NULL,NULL
392,10,"M ",NULL,ML Fork,NA,NULL,NULL,Not Applicable,77.9176,175.49,NULL,NULL
393,10,"H ",NULL,HL Fork,NA,NULL,NULL,Not Applicable,101.8936,229.49,NULL,NULL
394,11,"L ",NULL,LL Headset,NA,NULL,NULL,Not Applicable,15.1848,34.20,NULL,NULL
395,11,"M ",NULL,ML Headset,NA,NULL,NULL,Not Applicable,45.4168,102.29,NULL,NULL
396,11,"H ",NULL,HL Headset,NA,NULL,NULL,Not Applicable,55.3801,124.73,NULL,NULL
397,4,"L ",NULL,LL Mountain Handlebars,NA,NULL,"M ",Mountain,17.978,40.4909,NULL,NULL
398,4,"L ",NULL,LL Mountain Handlebars,NA,NULL,"M ",Mountain,19.7758,44.54,NULL,Current
399,4,"M ",NULL,ML Mountain Handlebars,NA,NULL,"M ",Mountain,24.9932,56.2909,NULL,NULL
400,4,"M ",NULL,ML Mountain Handlebars,NA,NULL,"M ",Mountain,27.4925,61.92,NULL,Current
401,4,"H ",NULL,HL Mountain Handlebars,NA,NULL,"M ",Mountain,48.5453,109.3364,NULL,NULL
402,4,"H ",NULL,HL Mountain Handlebars,NA,NULL,"M ",Mountain,53.3999,120.27,NULL,Current
403,4,"L ",NULL,LL Road Handlebars,NA,NULL,"R ",Road,17.978,40.4909,NULL,NULL
404,4,"L ",NULL,LL Road Handlebars,NA,NULL,"R ",Road,19.7758,44.54,NULL,Current
405,4,"M ",NULL,ML Road Handlebars,NA,NULL,"R ",Road,24.9932,56.2909,NULL,NULL
406,4,"M ",NULL,ML Road Handlebars,NA,NULL,"R ",Road,27.4925,61.92,NULL,Current
407,4,"H ",NULL,HL Road Handlebars,NA,NULL,"R ",Road,48.5453,109.3364,NULL,NULL
408,4,"H ",NULL,HL Road Handlebars,NA,NULL,"R ",Road,53.3999,120.27,NULL,Current
409,12,"M ","U ",ML Mountain Frame-W,Black,38,"M ",Mountain,185.8193,348.76,2.73,NULL
410,17,"L ",NULL,LL Mountain Front Wheel,Black,NULL,"M ",Mountain,26.9708,60.745,NULL,NULL
411,17,"M ",NULL,ML Mountain Front Wheel,Black,NULL,"M ",Mountain,92.8071,209.025,NULL,NULL
412,17,"H ",NULL,HL Mountain Front Wheel,Black,NULL,"M ",Mountain,133.2955,300.215,NULL,NULL
413,17,"L ",NULL,LL Road Front Wheel,Black,NULL,"R ",Road,37.9909,85.565,900,NULL
414,17,"M ",NULL,ML Road Front Wheel,Black,NULL,"R ",Road,110.2829,248.385,850,NULL
415,17,"H ",NULL,HL Road Front Wheel,Black,NULL,"R ",Road,146.5466,330.06,650,NULL
416,17,NULL,NULL,Touring Front Wheel,Black,NULL,"T ",Touring,96.7964,218.01,NULL,NULL
417,14,"M ","W ",ML Road Frame-W,Yellow,38,"R ",Road,300.1188,540.7545,2.18,NULL
418,14,"M ","W ",ML Road Frame-W,Yellow,38,"R ",Road,360.9428,594.83,2.18,Current
419,17,"L ",NULL,LL Mountain Rear Wheel,Black,NULL,"M ",Mountain,38.9588,87.745,NULL,NULL
420,17,"M ",NULL,ML Mountain Rear Wheel,Black,NULL,"M ",Mountain,104.7951,236.025,NULL,NULL
421,17,"H ",NULL,HL Mountain Rear Wheel,Black,NULL,"M ",Mountain,145.2835,327.215,NULL,NULL
422,17,"L ",NULL,LL Road Rear Wheel,Black,NULL,"R ",Road,49.9789,112.565,1050,NULL
423,17,"M ",NULL,ML Road Rear Wheel,Black,NULL,"R ",Road,122.2709,275.385,1000,NULL
424,17,"H ",NULL,HL Road Rear Wheel,Black,NULL,"R ",Road,158.5346,357.06,890,NULL
425,17,NULL,NULL,Touring Rear Wheel,Black,NULL,"T ",Touring,108.7844,245.01,NULL,NULL
426,12,"M ","U ",ML Mountain Frame,Black,40,"M ",Mountain,185.8193,348.76,2.77,NULL
427,12,"M ","U ",ML Mountain Frame,Black,44,"M ",Mountain,185.8193,348.76,2.81,NULL
428,12,"M ","U ",ML Mountain Frame,Black,48,"M ",Mountain,185.8193,348.76,2.85,NULL
429,14,"M ","W ",ML Road Frame-W,Yellow,40,"R ",Road,300.1188,540.7545,2.22,NULL
430,14,"M ","W ",ML Road Frame-W,Yellow,40,"R ",Road,360.9428,594.83,2.22,Current
431,14,"M ","W ",ML Road Frame-W,Yellow,42,"R ",Road,300.1188,540.7545,2.26,NULL
432,14,"M ","W ",ML Road Frame-W,Yellow,42,"R ",Road,360.9428,594.83,2.26,Current
433,14,"M ","W ",ML Road Frame-W,Yellow,44,"R ",Road,300.1188,540.7545,2.3,NULL
434,14,"M ","W ",ML Road Frame-W,Yellow,44,"R ",Road,360.9428,594.83,2.3,Current
435,14,"M ","W ",ML Road Frame-W,Yellow,48,"R ",Road,300.1188,540.7545,2.34,NULL
436,14,"M ","W ",ML Road Frame-W,Yellow,48,"R ",Road,360.9428,594.83,2.34,Current
437,14,"H ","U ",HL Road Frame,Black,62,"R ",Road,722.2568,1301.3636,2.3,NULL
438,14,"H ","U ",HL Road Frame,Black,62,"R ",Road,868.6342,1431.50,2.3,Current
439,14,"H ","U ",HL Road Frame,Black,44,"R ",Road,722.2568,1301.3636,2.12,NULL
440,14,"H ","U ",HL Road Frame,Black,44,"R ",Road,868.6342,1431.50,2.12,Current
441,14,"H ","U ",HL Road Frame,Black,48,"R ",Road,722.2568,1301.3636,2.16,NULL
442,14,"H ","U ",HL Road Frame,Black,48,"R ",Road,868.6342,1431.50,2.16,Current
443,14,"H ","U ",HL Road Frame,Black,52,"R ",Road,722.2568,1301.3636,2.2,NULL
444,14,"H ","U ",HL Road Frame,Black,52,"R ",Road,868.6342,1431.50,2.2,Current
445,22,NULL,"M ",Men's Sports Shorts,Black,S,"S ",Sport,24.7459,59.99,NULL,NULL
446,35,NULL,NULL,Touring-Panniers,Grey,NULL,"T ",Touring,51.5625,125.00,NULL,NULL
447,34,NULL,NULL,Cable Lock,NA,NULL,"S ",Sport,10.3125,25.00,NULL,NULL
448,36,NULL,NULL,Minipump,NA,NULL,"S ",Sport,8.2459,19.99,NULL,NULL
449,36,NULL,NULL,Mountain Pump,NA,NULL,"M ",Mountain,10.3084,24.99,NULL,NULL
450,33,NULL,NULL,Taillight,NA,NULL,"R ",Road,5.7709,13.99,NULL,NULL
451,33,NULL,NULL,Headlights - Dual-Beam,NA,NULL,"R ",Road,14.4334,34.99,NULL,NULL
452,33,NULL,NULL,Headlights - Weatherproof,NA,NULL,"R ",Road,18.5584,44.99,NULL,NULL
453,22,NULL,"M ",Men's Sports Shorts,Black,M,"S ",Sport,24.7459,59.99,NULL,NULL
454,22,NULL,"M ",Men's Sports Shorts,Black,L,"S ",Sport,24.7459,59.99,NULL,NULL
455,22,NULL,"M ",Men's Sports Shorts,Black,XL,"S ",Sport,24.7459,59.99,NULL,NULL
456,24,NULL,"W ",Women's Tights,Black,S,"S ",Sport,30.9334,74.99,NULL,NULL
457,24,NULL,"W ",Women's Tights,Black,M,"S ",Sport,30.9334,74.99,NULL,NULL
458,24,NULL,"W ",Women's Tights,Black,L,"S ",Sport,30.9334,74.99,NULL,NULL
459,18,NULL,"M ",Men's Bib-Shorts,Multi,S,"S ",Sport,37.1209,89.99,NULL,NULL
460,18,NULL,"M ",Men's Bib-Shorts,Multi,M,"S ",Sport,37.1209,89.99,NULL,NULL
461,18,NULL,"M ",Men's Bib-Shorts,Multi,L,"S ",Sport,37.1209,89.99,NULL,NULL
462,20,NULL,"U ",Half-Finger Gloves,Black,S,"S ",Sport,9.7136,23.5481,NULL,NULL
463,20,NULL,"U ",Half-Finger Gloves,Black,S,"S ",Sport,9.1593,24.49,NULL,Current
464,20,NULL,"U ",Half-Finger Gloves,Black,M,"S ",Sport,9.7136,23.5481,NULL,NULL
465,20,NULL,"U ",Half-Finger Gloves,Black,M,"S ",Sport,9.1593,24.49,NULL,Current
466,20,NULL,"U ",Half-Finger Gloves,Black,L,"S ",Sport,9.7136,23.5481,NULL,NULL
467,20,NULL,"U ",Half-Finger Gloves,Black,L,"S ",Sport,9.1593,24.49,NULL,Current
468,20,NULL,"U ",Full-Finger Gloves,Black,S,"M ",Mountain,15.6709,37.99,NULL,NULL
469,20,NULL,"U ",Full-Finger Gloves,Black,M,"M ",Mountain,15.6709,37.99,NULL,NULL
470,20,NULL,"U ",Full-Finger Gloves,Black,L,"M ",Mountain,15.6709,37.99,NULL,NULL
471,25,NULL,"U ",Classic Vest,Blue,S,"S ",Sport,23.749,63.50,NULL,Current
472,25,NULL,"U ",Classic Vest,Blue,M,"S ",Sport,23.749,63.50,NULL,Current
473,25,NULL,"U ",Classic Vest,Blue,L,"S ",Sport,23.749,63.50,NULL,Current
474,22,NULL,"W ",Women's Mountain Shorts,Black,S,"M ",Mountain,26.1763,69.99,NULL,Current
475,22,NULL,"W ",Women's Mountain Shorts,Black,M,"M ",Mountain,26.1763,69.99,NULL,Current
476,22,NULL,"W ",Women's Mountain Shorts,Black,L,"M ",Mountain,26.1763,69.99,NULL,Current
477,28,NULL,NULL,Water Bottle,NA,NULL,"S ",Sport,1.8663,4.99,NULL,Current
478,28,NULL,NULL,Mountain Bottle Cage,NA,NULL,"M ",Mountain,3.7363,9.99,NULL,Current
479,28,NULL,NULL,Road Bottle Cage,NA,NULL,"R ",Road,3.3623,8.99,NULL,Current
480,37,NULL,NULL,Patch kit,NA,NULL,"S ",Sport,0.8565,2.29,NULL,Current
481,23,NULL,"U ",Racing Socks,White,M,"R ",Road,3.3623,8.99,NULL,Current
482,23,NULL,"U ",Racing Socks,White,L,"R ",Road,3.3623,8.99,NULL,Current
483,26,NULL,NULL,Hitch Rack - 4-Bike,NA,NULL,"S ",Sport,44.88,120.00,NULL,Current
484,29,NULL,NULL,Bike Wash,NA,NULL,"S ",Sport,2.9733,7.95,NULL,Current
485,30,NULL,NULL,Fender Set - Mountain,NA,NULL,"M ",Mountain,8.2205,21.98,NULL,Current
486,27,NULL,NULL,All-Purpose Bike Stand,NA,NULL,"M ",Mountain,59.466,159.00,NULL,Current
487,32,NULL,NULL,Hydration Pack,Silver,70,"S ",Sport,20.5663,54.99,NULL,Current
488,21,NULL,"U ",Short-Sleeve Classic Jersey,Yellow,S,"S ",Sport,41.5723,53.99,NULL,Current
489,21,NULL,"U ",Short-Sleeve Classic Jersey,Yellow,M,"S ",Sport,41.5723,53.99,NULL,Current
490,21,NULL,"U ",Short-Sleeve Classic Jersey,Yellow,L,"S ",Sport,41.5723,53.99,NULL,Current
491,21,NULL,"U ",Short-Sleeve Classic Jersey,Yellow,XL,"S ",Sport,41.5723,53.99,NULL,Current
492,16,"H ","U ",HL Touring Frame,Yellow,60,"T ",Touring,601.7437,1003.91,3.08,Current
493,16,"L ","U ",LL Touring Frame,Yellow,62,"T ",Touring,199.8519,333.42,3.2,Current
494,16,"H ","U ",HL Touring Frame,Yellow,46,"T ",Touring,601.7437,1003.91,2.96,Current
495,16,"H ","U ",HL Touring Frame,Yellow,50,"T ",Touring,601.7437,1003.91,3,Current
496,16,"H ","U ",HL Touring Frame,Yellow,54,"T ",Touring,601.7437,1003.91,3.04,Current
497,16,"H ","U ",HL Touring Frame,Blue,46,"T ",Touring,601.7437,1003.91,2.96,Current
498,16,"H ","U ",HL Touring Frame,Blue,50,"T ",Touring,601.7437,1003.91,3,Current
499,16,"H ","U ",HL Touring Frame,Blue,54,"T ",Touring,601.7437,1003.91,3.04,Current
500,16,"H ","U ",HL Touring Frame,Blue,60,"T ",Touring,601.7437,1003.91,3.08,Current
501,9,NULL,NULL,Rear Derailleur,Silver,NULL,NULL,Not Applicable,53.9282,121.46,215,Current
502,16,"L ","U ",LL Touring Frame,Blue,50,"T ",Touring,199.8519,333.42,3.1,Current
503,16,"L ","U ",LL Touring Frame,Blue,54,"T ",Touring,199.8519,333.42,3.14,Current
504,16,"L ","U ",LL Touring Frame,Blue,58,"T ",Touring,199.8519,333.42,3.16,Current
505,16,"L ","U ",LL Touring Frame,Blue,62,"T ",Touring,199.8519,333.42,3.2,Current
506,16,"L ","U ",LL Touring Frame,Yellow,44,"T ",Touring,199.8519,333.42,3.02,Current
507,16,"L ","U ",LL Touring Frame,Yellow,50,"T ",Touring,199.8519,333.42,3.1,Current
508,16,"L ","U ",LL Touring Frame,Yellow,54,"T ",Touring,199.8519,333.42,3.14,Current
509,16,"L ","U ",LL Touring Frame,Yellow,58,"T ",Touring,199.8519,333.42,3.16,Current
510,16,"L ","U ",LL Touring Frame,Blue,44,"T ",Touring,199.8519,333.42,3.02,Current
511,12,"M ","W ",ML Mountain Frame-W,Silver,40,"M ",Mountain,199.3757,364.09,2.77,Current
512,12,"M ","W ",ML Mountain Frame-W,Silver,42,"M ",Mountain,199.3757,364.09,2.81,Current
513,12,"M ","W ",ML Mountain Frame-W,Silver,46,"M ",Mountain,199.3757,364.09,2.85,Current
514,6,NULL,NULL,Rear Brakes,Silver,NULL,NULL,Not Applicable,47.286,106.50,317,Current
515,15,"L ",NULL,LL Mountain Seat/Saddle 2,NA,NULL,"M ",Mountain,12.0413,27.12,NULL,Current
516,15,"M ",NULL,ML Mountain Seat/Saddle 2,NA,NULL,"M ",Mountain,17.3782,39.14,NULL,Current
517,15,"H ",NULL,HL Mountain Seat/Saddle 2,NA,NULL,"M ",Mountain,23.3722,52.64,NULL,Current
518,15,"L ",NULL,LL Road Seat/Saddle 1,NA,NULL,"R ",Road,12.0413,27.12,NULL,Current
519,15,"M ",NULL,ML Road Seat/Saddle 2,NA,NULL,"T ",Touring,17.3782,39.14,NULL,Current
520,15,"H ",NULL,HL Road Seat/Saddle 2,NA,NULL,"R ",Road,23.3722,52.64,NULL,Current
521,15,"L ",NULL,LL Touring Seat/Saddle,NA,NULL,"T ",Touring,12.0413,27.12,NULL,Current
522,15,"M ",NULL,ML Touring Seat/Saddle,NA,NULL,"T ",Touring,17.3782,39.14,NULL,Current
523,15,"H ",NULL,HL Touring Seat/Saddle,NA,NULL,"T ",Touring,23.3722,52.64,NULL,Current
524,12,"L ","U ",LL Mountain Frame,Silver,42,"M ",Mountain,144.5938,264.05,2.92,Current
525,12,"L ","U ",LL Mountain Frame,Silver,44,"M ",Mountain,144.5938,264.05,2.96,Current
526,12,"L ","U ",LL Mountain Frame,Silver,48,"M ",Mountain,144.5938,264.05,3,Current
527,12,"L ","U ",LL Mountain Frame,Silver,52,"M ",Mountain,144.5938,264.05,3.04,Current
528,37,NULL,NULL,Mountain Tire Tube,NA,NULL,"M ",Mountain,1.8663,4.99,NULL,Current
529,37,NULL,NULL,Road Tire Tube,NA,NULL,"R ",Road,1.4923,3.99,NULL,Current
530,37,NULL,NULL,Touring Tire Tube,NA,NULL,"T ",Touring,1.8663,4.99,NULL,Current
531,12,"L ","U ",LL Mountain Frame,Black,42,"M ",Mountain,136.785,249.79,2.92,Current
532,12,"L ","U ",LL Mountain Frame,Black,44,"M ",Mountain,136.785,249.79,2.96,Current
533,12,"L ","U ",LL Mountain Frame,Black,48,"M ",Mountain,136.785,249.79,3,Current
534,12,"L ","U ",LL Mountain Frame,Black,52,"M ",Mountain,136.785,249.79,3.04,Current
535,37,"L ",NULL,LL Mountain Tire,NA,NULL,"M ",Mountain,9.3463,24.99,NULL,Current
536,37,"M ",NULL,ML Mountain Tire,NA,NULL,"M ",Mountain,11.2163,29.99,NULL,Current
537,37,"H ",NULL,HL Mountain Tire,NA,NULL,"M ",Mountain,13.09,35.00,NULL,Current
538,37,"L ",NULL,LL Road Tire,NA,NULL,"R ",Road,8.0373,21.49,NULL,Current
539,37,"M ",NULL,ML Road Tire,NA,NULL,"R ",Road,9.3463,24.99,NULL,Current
540,37,"H ",NULL,HL Road Tire,NA,NULL,"R ",Road,12.1924,32.60,NULL,Current
541,37,NULL,NULL,Touring Tire,NA,NULL,"T ",Touring,10.8423,28.99,NULL,Current
542,13,"L ",NULL,LL Mountain Pedal,Silver/Black,NULL,"M ",Mountain,17.9776,40.49,218,Current
543,13,"M ",NULL,ML Mountain Pedal,Silver/Black,NULL,"M ",Mountain,27.568,62.09,215,Current
544,13,"H ",NULL,HL Mountain Pedal,Silver/Black,NULL,"M ",Mountain,35.9596,80.99,185,Current
545,13,"L ",NULL,LL Road Pedal,Silver/Black,NULL,"R ",Road,17.9776,40.49,189,Current
546,13,"M ",NULL,ML Road Pedal,Silver/Black,NULL,"R ",Road,27.568,62.09,168,Current
547,13,"H ",NULL,HL Road Pedal,Silver/Black,NULL,"R ",Road,35.9596,80.99,149,Current
548,13,NULL,NULL,Touring Pedal,Silver/Black,NULL,"T ",Touring,35.9596,80.99,NULL,Current
549,12,"M ","W ",ML Mountain Frame-W,Silver,38,"M ",Mountain,199.3757,364.09,2.73,Current
550,12,"L ","U ",LL Mountain Frame,Black,40,"M ",Mountain,136.785,249.79,2.88,Current
551,12,"L ","U ",LL Mountain Frame,Silver,40,"M ",Mountain,144.5938,264.05,2.88,Current
552,9,NULL,NULL,Front Derailleur,Silver,NULL,NULL,Not Applicable,40.6216,91.49,88,Current
553,4,"L ",NULL,LL Touring Handlebars,NA,NULL,"T ",Touring,20.464,46.09,NULL,Current
554,4,"H ",NULL,HL Touring Handlebars,NA,NULL,"T ",Touring,40.6571,91.57,NULL,Current
555,6,NULL,NULL,Front Brakes,Silver,NULL,NULL,Not Applicable,47.286,106.50,317,Current
556,8,"L ",NULL,LL Crankset,Black,NULL,NULL,Not Applicable,77.9176,175.49,600,Current
557,8,"M ",NULL,ML Crankset,Black,NULL,NULL,Not Applicable,113.8816,256.49,635,Current
558,8,"H ",NULL,HL Crankset,Black,NULL,NULL,Not Applicable,179.8156,404.99,575,Current
559,7,NULL,NULL,Chain,Silver,NULL,NULL,Not Applicable,8.9866,20.24,NULL,Current
560,3,"M ","U ",Touring-2000,Blue,60,"T ",Touring,755.1508,1214.85,27.9,Current
561,3,"H ","U ",Touring-1000,Yellow,46,"T ",Touring,1481.9379,2384.07,25.13,Current
562,3,"H ","U ",Touring-1000,Yellow,50,"T ",Touring,1481.9379,2384.07,25.42,Current
563,3,"H ","U ",Touring-1000,Yellow,54,"T ",Touring,1481.9379,2384.07,25.68,Current
564,3,"H ","U ",Touring-1000,Yellow,60,"T ",Touring,1481.9379,2384.07,25.9,Current
565,3,"L ","U ",Touring-3000,Blue,54,"T ",Touring,461.4448,742.35,29.68,Current
566,3,"L ","U ",Touring-3000,Blue,58,"T ",Touring,461.4448,742.35,29.9,Current
567,3,"L ","U ",Touring-3000,Blue,62,"T ",Touring,461.4448,742.35,30,Current
568,3,"L ","U ",Touring-3000,Yellow,44,"T ",Touring,461.4448,742.35,28.77,Current
569,3,"L ","U ",Touring-3000,Yellow,50,"T ",Touring,461.4448,742.35,29.13,Current
570,3,"L ","U ",Touring-3000,Yellow,54,"T ",Touring,461.4448,742.35,29.42,Current
571,3,"L ","U ",Touring-3000,Yellow,58,"T ",Touring,461.4448,742.35,29.79,Current
572,3,"L ","U ",Touring-3000,Yellow,62,"T ",Touring,461.4448,742.35,30,Current
573,3,"H ","U ",Touring-1000,Blue,46,"T ",Touring,1481.9379,2384.07,25.13,Current
574,3,"H ","U ",Touring-1000,Blue,50,"T ",Touring,1481.9379,2384.07,25.42,Current
575,3,"H ","U ",Touring-1000,Blue,54,"T ",Touring,1481.9379,2384.07,25.68,Current
576,3,"H ","U ",Touring-1000,Blue,60,"T ",Touring,1481.9379,2384.07,25.9,Current
577,3,"M ","U ",Touring-2000,Blue,46,"T ",Touring,755.1508,1214.85,27.13,Current
578,3,"M ","U ",Touring-2000,Blue,50,"T ",Touring,755.1508,1214.85,27.42,Current
579,3,"M ","U ",Touring-2000,Blue,54,"T ",Touring,755.1508,1214.85,27.68,Current
580,2,"M ","W ",Road-350-W,Yellow,40,"R ",Road,1082.51,1700.99,15.35,Current
581,2,"M ","W ",Road-350-W,Yellow,42,"R ",Road,1082.51,1700.99,15.77,Current
582,2,"M ","W ",Road-350-W,Yellow,44,"R ",Road,1082.51,1700.99,16.13,Current
583,2,"M ","W ",Road-350-W,Yellow,48,"R ",Road,1082.51,1700.99,16.42,Current
584,2,"L ","U ",Road-750,Black,58,"R ",Road,343.6496,539.99,20.79,Current
585,3,"L ","U ",Touring-3000,Blue,44,"T ",Touring,461.4448,742.35,28.77,Current
586,3,"L ","U ",Touring-3000,Blue,50,"T ",Touring,461.4448,742.35,29.13,Current
587,1,"M ","W ",Mountain-400-W,Silver,38,"M ",Mountain,419.7784,769.49,26.35,Current
588,1,"M ","W ",Mountain-400-W,Silver,40,"M ",Mountain,419.7784,769.49,26.77,Current
589,1,"M ","W ",Mountain-400-W,Silver,42,"M ",Mountain,419.7784,769.49,27.13,Current
590,1,"M ","W ",Mountain-400-W,Silver,46,"M ",Mountain,419.7784,769.49,27.42,Current
591,1,"L ","U ",Mountain-500,Silver,40,"M ",Mountain,308.2179,564.99,27.35,Current
592,1,"L ","U ",Mountain-500,Silver,42,"M ",Mountain,308.2179,564.99,27.77,Current
593,1,"L ","U ",Mountain-500,Silver,44,"M ",Mountain,308.2179,564.99,28.13,Current
594,1,"L ","U ",Mountain-500,Silver,48,"M ",Mountain,308.2179,564.99,28.42,Current
595,1,"L ","U ",Mountain-500,Silver,52,"M ",Mountain,308.2179,564.99,28.68,Current
596,1,"L ","U ",Mountain-500,Black,40,"M ",Mountain,294.5797,539.99,27.35,Current
597,1,"L ","U ",Mountain-500,Black,42,"M ",Mountain,294.5797,539.99,27.77,Current
598,1,"L ","U ",Mountain-500,Black,44,"M ",Mountain,294.5797,539.99,28.13,Current
599,1,"L ","U ",Mountain-500,Black,48,"M ",Mountain,294.5797,539.99,28.42,Current
600,1,"L ","U ",Mountain-500,Black,52,"M ",Mountain,294.5797,539.99,28.68,Current
601,5,"L ",NULL,LL Bottom Bracket,NA,NULL,NULL,Not Applicable,23.9716,53.99,223,Current
602,5,"M ",NULL,ML Bottom Bracket,NA,NULL,NULL,Not Applicable,44.9506,101.24,168,Current
603,5,"H ",NULL,HL Bottom Bracket,NA,NULL,NULL,Not Applicable,53.9416,121.49,170,Current
604,2,"L ","U ",Road-750,Black,44,"R ",Road,343.6496,539.99,19.77,Current
605,2,"L ","U ",Road-750,Black,48,"R ",Road,343.6496,539.99,20.13,Current
606,2,"L ","U ",Road-750,Black,52,"R ",Road,343.6496,539.99,20.42,Current
